game_id	schedule_date	schedule_season	team_home	score_home	score_away	team_away	winning_team
9-9-2021-buccaneers	9/9/2021	2021	buccaneers	31	29	cowboys	buccaneers
9-12-2021-falcons	9/12/2021	2021	falcons	6	32	eagles	eagles
9-12-2021-bills	9/12/2021	2021	bills	16	23	steelers	steelers
9-12-2021-panthers	9/12/2021	2021	panthers	19	14	jets	panthers
9-12-2021-bengals	9/12/2021	2021	bengals	27	24	vikings	bengals
9-12-2021-lions	9/12/2021	2021	lions	33	41	49ers	49ers
9-12-2021-texans	9/12/2021	2021	texans	37	21	jaguars	texans
9-12-2021-colts	9/12/2021	2021	colts	16	28	seahawks	seahawks
9-12-2021-chiefs	9/12/2021	2021	chiefs	33	29	browns	chiefs
9-12-2021-rams	9/12/2021	2021	rams	34	14	bears	rams
9-12-2021-patriots	9/12/2021	2021	patriots	16	17	dolphins	dolphins
9-12-2021-saints	9/12/2021	2021	saints	38	3	packers	saints
9-12-2021-giants	9/12/2021	2021	giants	13	27	broncos	broncos
9-12-2021-titans	9/12/2021	2021	titans	13	38	cardinals	cardinals
9-12-2021-commanders	9/12/2021	2021	commanders	16	20	chargers	chargers
9-13-2021-raiders	9/13/2021	2021	raiders	33	27	ravens	raiders
9-16-2021-commanders	9/16/2021	2021	commanders	30	29	giants	commanders
9-19-2021-cardinals	9/19/2021	2021	cardinals	34	33	vikings	cardinals
9-19-2021-ravens	9/19/2021	2021	ravens	36	35	chiefs	ravens
9-19-2021-panthers	9/19/2021	2021	panthers	26	7	saints	panthers
9-19-2021-bears	9/19/2021	2021	bears	20	17	bengals	bears
9-19-2021-browns	9/19/2021	2021	browns	31	21	texans	browns
9-19-2021-colts	9/19/2021	2021	colts	24	27	rams	rams
9-19-2021-jaguars	9/19/2021	2021	jaguars	13	23	broncos	broncos
9-19-2021-chargers	9/19/2021	2021	chargers	17	20	cowboys	cowboys
9-19-2021-dolphins	9/19/2021	2021	dolphins	0	35	bills	bills
9-19-2021-jets	9/19/2021	2021	jets	6	25	patriots	patriots
9-19-2021-eagles	9/19/2021	2021	eagles	11	17	49ers	49ers
9-19-2021-steelers	9/19/2021	2021	steelers	17	26	raiders	raiders
9-19-2021-seahawks	9/19/2021	2021	seahawks	30	33	titans	titans
9-19-2021-buccaneers	9/19/2021	2021	buccaneers	48	25	falcons	buccaneers
9-20-2021-packers	9/20/2021	2021	packers	35	17	lions	packers
9-23-2021-texans	9/23/2021	2021	texans	9	24	panthers	panthers
9-26-2021-bills	9/26/2021	2021	bills	43	21	commanders	bills
9-26-2021-browns	9/26/2021	2021	browns	26	6	bears	browns
9-26-2021-broncos	9/26/2021	2021	broncos	26	0	jets	broncos
9-26-2021-lions	9/26/2021	2021	lions	17	19	ravens	ravens
9-26-2021-jaguars	9/26/2021	2021	jaguars	19	31	cardinals	cardinals
9-26-2021-chiefs	9/26/2021	2021	chiefs	24	30	chargers	chargers
9-26-2021-raiders	9/26/2021	2021	raiders	31	28	dolphins	raiders
9-26-2021-rams	9/26/2021	2021	rams	34	24	buccaneers	rams
9-26-2021-vikings	9/26/2021	2021	vikings	30	17	seahawks	vikings
9-26-2021-patriots	9/26/2021	2021	patriots	13	28	saints	saints
9-26-2021-giants	9/26/2021	2021	giants	14	17	falcons	falcons
9-26-2021-steelers	9/26/2021	2021	steelers	10	24	bengals	bengals
9-26-2021-49ers	9/26/2021	2021	49ers	28	30	packers	packers
9-26-2021-titans	9/26/2021	2021	titans	25	16	colts	titans
9-27-2021-cowboys	9/27/2021	2021	cowboys	41	21	eagles	cowboys
9-30-2021-bengals	9/30/2021	2021	bengals	24	21	jaguars	bengals
10-3-2021-falcons	10/3/2021	2021	falcons	30	34	commanders	commanders
10-3-2021-bills	10/3/2021	2021	bills	40	0	texans	bills
10-3-2021-bears	10/3/2021	2021	bears	24	14	lions	bears
10-3-2021-cowboys	10/3/2021	2021	cowboys	36	28	panthers	cowboys
10-3-2021-broncos	10/3/2021	2021	broncos	7	23	ravens	ravens
10-3-2021-packers	10/3/2021	2021	packers	27	17	steelers	packers
10-3-2021-rams	10/3/2021	2021	rams	20	37	cardinals	cardinals
10-3-2021-dolphins	10/3/2021	2021	dolphins	17	27	colts	colts
10-3-2021-vikings	10/3/2021	2021	vikings	7	14	browns	browns
10-3-2021-patriots	10/3/2021	2021	patriots	17	19	buccaneers	buccaneers
10-3-2021-saints	10/3/2021	2021	saints	21	27	giants	giants
10-3-2021-jets	10/3/2021	2021	jets	27	24	titans	jets
10-3-2021-eagles	10/3/2021	2021	eagles	30	42	chiefs	chiefs
10-3-2021-49ers	10/3/2021	2021	49ers	21	28	seahawks	seahawks
10-4-2021-chargers	10/4/2021	2021	chargers	28	14	raiders	chargers
10-7-2021-seahawks	10/7/2021	2021	seahawks	17	26	rams	rams
10-10-2021-cardinals	10/10/2021	2021	cardinals	17	10	49ers	cardinals
10-10-2021-falcons	10/10/2021	2021	falcons	27	20	jets	falcons
10-10-2021-panthers	10/10/2021	2021	panthers	18	21	eagles	eagles
10-10-2021-bengals	10/10/2021	2021	bengals	22	25	packers	packers
10-10-2021-cowboys	10/10/2021	2021	cowboys	44	20	giants	cowboys
10-10-2021-texans	10/10/2021	2021	texans	22	25	patriots	patriots
10-10-2021-jaguars	10/10/2021	2021	jaguars	19	37	titans	titans
10-10-2021-chiefs	10/10/2021	2021	chiefs	20	38	bills	bills
10-10-2021-raiders	10/10/2021	2021	raiders	9	20	bears	bears
10-10-2021-chargers	10/10/2021	2021	chargers	47	42	browns	chargers
10-10-2021-vikings	10/10/2021	2021	vikings	19	17	lions	vikings
10-10-2021-steelers	10/10/2021	2021	steelers	27	19	broncos	steelers
10-10-2021-buccaneers	10/10/2021	2021	buccaneers	45	17	dolphins	buccaneers
10-10-2021-commanders	10/10/2021	2021	commanders	22	33	saints	saints
10-11-2021-ravens	10/11/2021	2021	ravens	31	25	colts	ravens
10-14-2021-eagles	10/14/2021	2021	eagles	22	28	buccaneers	buccaneers
10-17-2021-ravens	10/17/2021	2021	ravens	34	6	chargers	ravens
10-17-2021-panthers	10/17/2021	2021	panthers	28	34	vikings	vikings
10-17-2021-bears	10/17/2021	2021	bears	14	24	packers	packers
10-17-2021-browns	10/17/2021	2021	browns	14	37	cardinals	cardinals
10-17-2021-broncos	10/17/2021	2021	broncos	24	34	raiders	raiders
10-17-2021-lions	10/17/2021	2021	lions	11	34	bengals	bengals
10-17-2021-colts	10/17/2021	2021	colts	31	3	texans	colts
10-17-2021-jaguars	10/17/2021	2021	jaguars	23	20	dolphins	jaguars
10-17-2021-patriots	10/17/2021	2021	patriots	29	35	cowboys	cowboys
10-17-2021-giants	10/17/2021	2021	giants	11	38	rams	rams
10-17-2021-steelers	10/17/2021	2021	steelers	23	20	seahawks	steelers
10-17-2021-commanders	10/17/2021	2021	commanders	13	31	chiefs	chiefs
10-18-2021-titans	10/18/2021	2021	titans	34	31	bills	titans
10-21-2021-browns	10/21/2021	2021	browns	17	14	broncos	browns
10-24-2021-cardinals	10/24/2021	2021	cardinals	31	5	texans	cardinals
10-24-2021-ravens	10/24/2021	2021	ravens	17	41	bengals	bengals
10-24-2021-packers	10/24/2021	2021	packers	24	10	commanders	packers
10-24-2021-raiders	10/24/2021	2021	raiders	33	22	eagles	raiders
10-24-2021-rams	10/24/2021	2021	rams	28	19	lions	rams
10-24-2021-dolphins	10/24/2021	2021	dolphins	28	30	falcons	falcons
10-24-2021-patriots	10/24/2021	2021	patriots	54	13	jets	patriots
10-24-2021-giants	10/24/2021	2021	giants	25	3	panthers	giants
10-24-2021-49ers	10/24/2021	2021	49ers	18	30	colts	colts
10-24-2021-buccaneers	10/24/2021	2021	buccaneers	38	3	bears	buccaneers
10-24-2021-titans	10/24/2021	2021	titans	27	3	chiefs	titans
10-25-2021-seahawks	10/25/2021	2021	seahawks	10	13	saints	saints
10-28-2021-cardinals	10/28/2021	2021	cardinals	21	24	packers	packers
10-31-2021-falcons	10/31/2021	2021	falcons	13	19	panthers	panthers
10-31-2021-bills	10/31/2021	2021	bills	26	11	dolphins	bills
10-31-2021-bears	10/31/2021	2021	bears	22	33	49ers	49ers
10-31-2021-browns	10/31/2021	2021	browns	10	15	steelers	steelers
10-31-2021-broncos	10/31/2021	2021	broncos	17	10	commanders	broncos
10-31-2021-lions	10/31/2021	2021	lions	6	44	eagles	eagles
10-31-2021-texans	10/31/2021	2021	texans	22	38	rams	rams
10-31-2021-colts	10/31/2021	2021	colts	31	34	titans	titans
10-31-2021-chargers	10/31/2021	2021	chargers	24	27	patriots	patriots
10-31-2021-vikings	10/31/2021	2021	vikings	16	20	cowboys	cowboys
10-31-2021-saints	10/31/2021	2021	saints	36	27	buccaneers	saints
10-31-2021-jets	10/31/2021	2021	jets	34	31	bengals	jets
10-31-2021-seahawks	10/31/2021	2021	seahawks	31	7	jaguars	seahawks
11-1-2021-chiefs	11/1/2021	2021	chiefs	20	17	giants	chiefs
11-4-2021-colts	11/4/2021	2021	colts	45	30	jets	colts
11-7-2021-ravens	11/7/2021	2021	ravens	34	31	vikings	ravens
11-7-2021-panthers	11/7/2021	2021	panthers	6	24	patriots	patriots
11-7-2021-bengals	11/7/2021	2021	bengals	16	41	browns	browns
11-7-2021-cowboys	11/7/2021	2021	cowboys	16	30	broncos	broncos
11-7-2021-jaguars	11/7/2021	2021	jaguars	9	6	bills	jaguars
11-7-2021-chiefs	11/7/2021	2021	chiefs	13	7	packers	chiefs
11-7-2021-rams	11/7/2021	2021	rams	16	28	titans	titans
11-7-2021-dolphins	11/7/2021	2021	dolphins	17	9	texans	dolphins
11-7-2021-saints	11/7/2021	2021	saints	25	27	falcons	falcons
11-7-2021-giants	11/7/2021	2021	giants	23	16	raiders	giants
11-7-2021-eagles	11/7/2021	2021	eagles	24	27	chargers	chargers
11-7-2021-49ers	11/7/2021	2021	49ers	17	31	cardinals	cardinals
11-8-2021-steelers	11/8/2021	2021	steelers	29	27	bears	steelers
11-11-2021-dolphins	11/11/2021	2021	dolphins	22	10	ravens	dolphins
11-14-2021-cardinals	11/14/2021	2021	cardinals	10	34	panthers	panthers
11-14-2021-cowboys	11/14/2021	2021	cowboys	43	3	falcons	cowboys
11-14-2021-broncos	11/14/2021	2021	broncos	13	30	eagles	eagles
11-14-2021-packers	11/14/2021	2021	packers	17	0	seahawks	packers
11-14-2021-colts	11/14/2021	2021	colts	23	17	jaguars	colts
11-14-2021-raiders	11/14/2021	2021	raiders	14	41	chiefs	chiefs
11-14-2021-chargers	11/14/2021	2021	chargers	20	27	vikings	vikings
11-14-2021-patriots	11/14/2021	2021	patriots	45	7	browns	patriots
11-14-2021-jets	11/14/2021	2021	jets	17	45	bills	bills
11-14-2021-steelers	11/14/2021	2021	steelers	16	16	lions	tie
11-14-2021-titans	11/14/2021	2021	titans	23	21	saints	titans
11-14-2021-commanders	11/14/2021	2021	commanders	29	19	buccaneers	commanders
11-15-2021-49ers	11/15/2021	2021	49ers	31	10	rams	49ers
11-18-2021-falcons	11/18/2021	2021	falcons	0	25	patriots	patriots
11-21-2021-bills	11/21/2021	2021	bills	15	41	colts	colts
11-21-2021-panthers	11/21/2021	2021	panthers	21	27	commanders	commanders
11-21-2021-bears	11/21/2021	2021	bears	13	16	ravens	ravens
11-21-2021-browns	11/21/2021	2021	browns	13	10	lions	browns
11-21-2021-jaguars	11/21/2021	2021	jaguars	10	30	49ers	49ers
11-21-2021-chiefs	11/21/2021	2021	chiefs	19	9	cowboys	chiefs
11-21-2021-raiders	11/21/2021	2021	raiders	13	32	bengals	bengals
11-21-2021-chargers	11/21/2021	2021	chargers	41	37	steelers	chargers
11-21-2021-vikings	11/21/2021	2021	vikings	34	31	packers	vikings
11-21-2021-jets	11/21/2021	2021	jets	17	24	dolphins	dolphins
11-21-2021-eagles	11/21/2021	2021	eagles	40	29	saints	eagles
11-21-2021-seahawks	11/21/2021	2021	seahawks	13	23	cardinals	cardinals
11-21-2021-titans	11/21/2021	2021	titans	13	22	texans	texans
11-22-2021-buccaneers	11/22/2021	2021	buccaneers	30	10	giants	buccaneers
11-25-2021-cowboys	11/25/2021	2021	cowboys	33	36	raiders	raiders
11-25-2021-lions	11/25/2021	2021	lions	14	16	bears	bears
11-25-2021-saints	11/25/2021	2021	saints	6	31	bills	bills
11-28-2021-ravens	11/28/2021	2021	ravens	16	10	browns	ravens
11-28-2021-bengals	11/28/2021	2021	bengals	41	10	steelers	bengals
11-28-2021-broncos	11/28/2021	2021	broncos	28	13	chargers	broncos
11-28-2021-packers	11/28/2021	2021	packers	36	28	rams	packers
11-28-2021-texans	11/28/2021	2021	texans	14	21	jets	jets
11-28-2021-colts	11/28/2021	2021	colts	31	38	buccaneers	buccaneers
11-28-2021-jaguars	11/28/2021	2021	jaguars	14	21	falcons	falcons
11-28-2021-dolphins	11/28/2021	2021	dolphins	33	10	panthers	dolphins
11-28-2021-patriots	11/28/2021	2021	patriots	36	13	titans	patriots
11-28-2021-giants	11/28/2021	2021	giants	13	7	eagles	giants
11-28-2021-49ers	11/28/2021	2021	49ers	34	26	vikings	49ers
11-29-2021-commanders	11/29/2021	2021	commanders	17	15	seahawks	commanders
12-2-2021-saints	12/2/2021	2021	saints	17	27	cowboys	cowboys
12-5-2021-falcons	12/5/2021	2021	falcons	17	30	buccaneers	buccaneers
12-5-2021-bears	12/5/2021	2021	bears	22	33	cardinals	cardinals
12-5-2021-bengals	12/5/2021	2021	bengals	22	41	chargers	chargers
12-5-2021-lions	12/5/2021	2021	lions	29	27	vikings	lions
12-5-2021-texans	12/5/2021	2021	texans	0	31	colts	colts
12-5-2021-chiefs	12/5/2021	2021	chiefs	22	9	broncos	chiefs
12-5-2021-raiders	12/5/2021	2021	raiders	15	17	commanders	commanders
12-5-2021-rams	12/5/2021	2021	rams	37	7	jaguars	rams
12-5-2021-dolphins	12/5/2021	2021	dolphins	20	9	giants	dolphins
12-5-2021-jets	12/5/2021	2021	jets	18	33	eagles	eagles
12-5-2021-steelers	12/5/2021	2021	steelers	20	19	ravens	steelers
12-5-2021-seahawks	12/5/2021	2021	seahawks	30	23	49ers	seahawks
12-6-2021-bills	12/6/2021	2021	bills	10	14	patriots	patriots
12-9-2021-vikings	12/9/2021	2021	vikings	36	28	steelers	vikings
12-12-2021-panthers	12/12/2021	2021	panthers	21	29	falcons	falcons
12-12-2021-bengals	12/12/2021	2021	bengals	23	26	49ers	49ers
12-12-2021-browns	12/12/2021	2021	browns	24	22	ravens	browns
12-12-2021-broncos	12/12/2021	2021	broncos	38	10	lions	broncos
12-12-2021-packers	12/12/2021	2021	packers	45	30	bears	packers
12-12-2021-texans	12/12/2021	2021	texans	13	33	seahawks	seahawks
12-12-2021-chiefs	12/12/2021	2021	chiefs	48	9	raiders	chiefs
12-12-2021-chargers	12/12/2021	2021	chargers	37	21	giants	chargers
12-12-2021-jets	12/12/2021	2021	jets	9	30	saints	saints
12-12-2021-buccaneers	12/12/2021	2021	buccaneers	33	27	bills	buccaneers
12-12-2021-titans	12/12/2021	2021	titans	20	0	jaguars	titans
12-12-2021-commanders	12/12/2021	2021	commanders	20	27	cowboys	cowboys
12-13-2021-cardinals	12/13/2021	2021	cardinals	23	30	rams	rams
12-16-2021-chargers	12/16/2021	2021	chargers	28	34	chiefs	chiefs
12-18-2021-colts	12/18/2021	2021	colts	27	17	patriots	colts
12-19-2021-ravens	12/19/2021	2021	ravens	30	31	packers	packers
12-19-2021-bills	12/19/2021	2021	bills	31	14	panthers	bills
12-19-2021-broncos	12/19/2021	2021	broncos	10	15	bengals	bengals
12-19-2021-lions	12/19/2021	2021	lions	30	12	cardinals	lions
12-19-2021-jaguars	12/19/2021	2021	jaguars	16	30	texans	texans
12-19-2021-dolphins	12/19/2021	2021	dolphins	31	24	jets	dolphins
12-19-2021-giants	12/19/2021	2021	giants	6	21	cowboys	cowboys
12-19-2021-steelers	12/19/2021	2021	steelers	19	13	titans	steelers
12-19-2021-49ers	12/19/2021	2021	49ers	31	13	falcons	49ers
12-19-2021-buccaneers	12/19/2021	2021	buccaneers	0	9	saints	saints
12-20-2021-bears	12/20/2021	2021	bears	9	17	vikings	vikings
12-20-2021-browns	12/20/2021	2021	browns	14	16	raiders	raiders
12-21-2021-rams	12/21/2021	2021	rams	20	10	seahawks	rams
12-21-2021-eagles	12/21/2021	2021	eagles	27	17	commanders	eagles
12-23-2021-titans	12/23/2021	2021	titans	20	17	49ers	titans
12-25-2021-cardinals	12/25/2021	2021	cardinals	16	22	colts	colts
12-25-2021-packers	12/25/2021	2021	packers	24	22	browns	packers
12-26-2021-falcons	12/26/2021	2021	falcons	20	16	lions	falcons
12-26-2021-panthers	12/26/2021	2021	panthers	6	32	buccaneers	buccaneers
12-26-2021-bengals	12/26/2021	2021	bengals	41	21	ravens	bengals
12-26-2021-cowboys	12/26/2021	2021	cowboys	56	14	commanders	cowboys
12-26-2021-texans	12/26/2021	2021	texans	41	29	chargers	texans
12-26-2021-chiefs	12/26/2021	2021	chiefs	36	10	steelers	chiefs
12-26-2021-raiders	12/26/2021	2021	raiders	17	13	broncos	raiders
12-26-2021-vikings	12/26/2021	2021	vikings	23	30	rams	rams
12-26-2021-patriots	12/26/2021	2021	patriots	21	33	bills	bills
12-26-2021-jets	12/26/2021	2021	jets	26	21	jaguars	jets
12-26-2021-eagles	12/26/2021	2021	eagles	34	10	giants	eagles
12-26-2021-seahawks	12/26/2021	2021	seahawks	24	25	bears	bears
12-27-2021-saints	12/27/2021	2021	saints	3	20	dolphins	dolphins
1-2-2022-ravens	1/2/2022	2021	ravens	19	20	rams	rams
1-2-2022-bills	1/2/2022	2021	bills	29	15	falcons	bills
1-2-2022-bears	1/2/2022	2021	bears	29	3	giants	bears
1-2-2022-bengals	1/2/2022	2021	bengals	34	31	chiefs	bengals
1-2-2022-cowboys	1/2/2022	2021	cowboys	22	25	cardinals	cardinals
1-2-2022-packers	1/2/2022	2021	packers	37	10	vikings	packers
1-2-2022-colts	1/2/2022	2021	colts	20	23	raiders	raiders
1-2-2022-chargers	1/2/2022	2021	chargers	34	13	broncos	chargers
1-2-2022-patriots	1/2/2022	2021	patriots	50	10	jaguars	patriots
1-2-2022-saints	1/2/2022	2021	saints	18	10	panthers	saints
1-2-2022-jets	1/2/2022	2021	jets	24	28	buccaneers	buccaneers
1-2-2022-49ers	1/2/2022	2021	49ers	23	7	texans	49ers
1-2-2022-seahawks	1/2/2022	2021	seahawks	51	29	lions	seahawks
1-2-2022-titans	1/2/2022	2021	titans	34	3	dolphins	titans
1-2-2022-commanders	1/2/2022	2021	commanders	16	20	eagles	eagles
1-3-2022-steelers	1/3/2022	2021	steelers	26	14	browns	steelers
1-8-2022-broncos	1/8/2022	2021	broncos	24	28	chiefs	chiefs
1-8-2022-eagles	1/8/2022	2021	eagles	26	51	cowboys	cowboys
1-9-2022-cardinals	1/9/2022	2021	cardinals	30	38	seahawks	seahawks
1-9-2022-falcons	1/9/2022	2021	falcons	20	30	saints	saints
1-9-2022-ravens	1/9/2022	2021	ravens	13	16	steelers	steelers
1-9-2022-bills	1/9/2022	2021	bills	27	10	jets	bills
1-9-2022-browns	1/9/2022	2021	browns	21	16	bengals	browns
1-9-2022-lions	1/9/2022	2021	lions	37	30	packers	lions
1-9-2022-texans	1/9/2022	2021	texans	25	28	titans	titans
1-9-2022-jaguars	1/9/2022	2021	jaguars	26	11	colts	jaguars
1-9-2022-raiders	1/9/2022	2021	raiders	35	32	chargers	raiders
1-9-2022-rams	1/9/2022	2021	rams	24	27	49ers	49ers
1-9-2022-dolphins	1/9/2022	2021	dolphins	33	24	patriots	dolphins
1-9-2022-vikings	1/9/2022	2021	vikings	31	17	bears	vikings
1-9-2022-giants	1/9/2022	2021	giants	7	22	commanders	commanders
1-9-2022-buccaneers	1/9/2022	2021	buccaneers	41	17	panthers	buccaneers
1-15-2022-bills	1/15/2022	2021	bills	47	17	patriots	bills
1-15-2022-bengals	1/15/2022	2021	bengals	26	19	raiders	bengals
1-16-2022-cowboys	1/16/2022	2021	cowboys	17	23	49ers	49ers
1-16-2022-chiefs	1/16/2022	2021	chiefs	42	21	steelers	chiefs
1-16-2022-buccaneers	1/16/2022	2021	buccaneers	31	15	eagles	buccaneers
1-17-2022-rams	1/17/2022	2021	rams	34	11	cardinals	rams
1-22-2022-packers	1/22/2022	2021	packers	10	13	49ers	49ers
1-22-2022-titans	1/22/2022	2021	titans	16	19	bengals	bengals
1-23-2022-chiefs	1/23/2022	2021	chiefs	42	36	bills	chiefs
1-23-2022-buccaneers	1/23/2022	2021	buccaneers	27	30	rams	rams
1-30-2022-chiefs	1/30/2022	2021	chiefs	24	27	bengals	bengals
1-30-2022-rams	1/30/2022	2021	rams	20	17	49ers	rams
2-13-2022-bengals	2/13/2022	2021	bengals	23	20	rams	bengals
9-8-2022-rams	9/8/2022	2022	rams	10	31	bills	bills
9-11-2022-cardinals	9/11/2022	2022	cardinals	21	44	chiefs	chiefs
9-11-2022-falcons	9/11/2022	2022	falcons	26	27	saints	saints
9-11-2022-panthers	9/11/2022	2022	panthers	24	26	browns	browns
9-11-2022-bears	9/11/2022	2022	bears	19	10	49ers	bears
9-11-2022-bengals	9/11/2022	2022	bengals	20	23	steelers	steelers
9-11-2022-cowboys	9/11/2022	2022	cowboys	3	19	buccaneers	buccaneers
9-11-2022-lions	9/11/2022	2022	lions	35	38	eagles	eagles
9-11-2022-texans	9/11/2022	2022	texans	20	20	colts	tie
9-11-2022-chargers	9/11/2022	2022	chargers	24	19	raiders	chargers
9-11-2022-dolphins	9/11/2022	2022	dolphins	20	7	patriots	dolphins
9-11-2022-vikings	9/11/2022	2022	vikings	23	7	packers	vikings
9-11-2022-jets	9/11/2022	2022	jets	9	24	ravens	ravens
9-11-2022-titans	9/11/2022	2022	titans	20	21	giants	giants
9-11-2022-commanders	9/11/2022	2022	commanders	28	22	jaguars	commanders
9-12-2022-seahawks	9/12/2022	2022	seahawks	17	16	broncos	seahawks
9-15-2022-chiefs	9/15/2022	2022	chiefs	27	24	chargers	chiefs
9-18-2022-ravens	9/18/2022	2022	ravens	38	42	dolphins	dolphins
9-18-2022-browns	9/18/2022	2022	browns	30	31	jets	jets
9-18-2022-cowboys	9/18/2022	2022	cowboys	20	17	bengals	cowboys
9-18-2022-broncos	9/18/2022	2022	broncos	16	9	texans	broncos
9-18-2022-lions	9/18/2022	2022	lions	36	27	commanders	lions
9-18-2022-packers	9/18/2022	2022	packers	27	10	bears	packers
9-18-2022-jaguars	9/18/2022	2022	jaguars	24	0	colts	jaguars
9-18-2022-raiders	9/18/2022	2022	raiders	23	29	cardinals	cardinals
9-18-2022-rams	9/18/2022	2022	rams	31	27	falcons	rams
9-18-2022-saints	9/18/2022	2022	saints	10	20	buccaneers	buccaneers
9-18-2022-giants	9/18/2022	2022	giants	19	16	panthers	giants
9-18-2022-steelers	9/18/2022	2022	steelers	14	17	patriots	patriots
9-18-2022-49ers	9/18/2022	2022	49ers	27	7	seahawks	49ers
9-19-2022-bills	9/19/2022	2022	bills	41	7	titans	bills
9-19-2022-eagles	9/19/2022	2022	eagles	24	7	vikings	eagles
9-22-2022-browns	9/22/2022	2022	browns	29	17	steelers	browns
9-25-2022-cardinals	9/25/2022	2022	cardinals	12	20	rams	rams
9-25-2022-panthers	9/25/2022	2022	panthers	22	14	saints	panthers
9-25-2022-bears	9/25/2022	2022	bears	23	20	texans	bears
9-25-2022-broncos	9/25/2022	2022	broncos	11	10	49ers	broncos
9-25-2022-colts	9/25/2022	2022	colts	20	17	chiefs	colts
9-25-2022-chargers	9/25/2022	2022	chargers	10	38	jaguars	jaguars
9-25-2022-dolphins	9/25/2022	2022	dolphins	21	19	bills	dolphins
9-25-2022-vikings	9/25/2022	2022	vikings	28	24	lions	vikings
9-25-2022-patriots	9/25/2022	2022	patriots	26	37	ravens	ravens
9-25-2022-jets	9/25/2022	2022	jets	12	27	bengals	bengals
9-25-2022-seahawks	9/25/2022	2022	seahawks	23	27	falcons	falcons
9-25-2022-buccaneers	9/25/2022	2022	buccaneers	12	14	packers	packers
9-25-2022-titans	9/25/2022	2022	titans	24	22	raiders	titans
9-25-2022-commanders	9/25/2022	2022	commanders	8	24	eagles	eagles
9-26-2022-giants	9/26/2022	2022	giants	16	23	cowboys	cowboys
9-29-2022-bengals	9/29/2022	2022	bengals	27	15	dolphins	bengals
10-2-2022-falcons	10/2/2022	2022	falcons	23	20	browns	falcons
10-2-2022-ravens	10/2/2022	2022	ravens	20	23	bills	bills
10-2-2022-panthers	10/2/2022	2022	panthers	16	26	cardinals	cardinals
10-2-2022-cowboys	10/2/2022	2022	cowboys	25	10	commanders	cowboys
10-2-2022-lions	10/2/2022	2022	lions	45	48	seahawks	seahawks
10-2-2022-packers	10/2/2022	2022	packers	27	24	patriots	packers
10-2-2022-texans	10/2/2022	2022	texans	24	34	chargers	chargers
10-2-2022-colts	10/2/2022	2022	colts	17	24	titans	titans
10-2-2022-raiders	10/2/2022	2022	raiders	32	23	broncos	raiders
10-2-2022-saints	10/2/2022	2022	saints	25	28	vikings	vikings
10-2-2022-giants	10/2/2022	2022	giants	20	12	bears	giants
10-2-2022-eagles	10/2/2022	2022	eagles	29	21	jaguars	eagles
10-2-2022-steelers	10/2/2022	2022	steelers	20	24	jets	jets
10-2-2022-buccaneers	10/2/2022	2022	buccaneers	31	41	chiefs	chiefs
10-3-2022-49ers	10/3/2022	2022	49ers	24	9	rams	49ers
10-6-2022-broncos	10/6/2022	2022	broncos	9	12	colts	colts
10-9-2022-cardinals	10/9/2022	2022	cardinals	17	20	eagles	eagles
10-9-2022-ravens	10/9/2022	2022	ravens	19	17	bengals	ravens
10-9-2022-bills	10/9/2022	2022	bills	38	3	steelers	bills
10-9-2022-panthers	10/9/2022	2022	panthers	15	37	49ers	49ers
10-9-2022-browns	10/9/2022	2022	browns	28	30	chargers	chargers
10-9-2022-packers	10/9/2022	2022	packers	22	27	giants	giants
10-9-2022-jaguars	10/9/2022	2022	jaguars	6	13	texans	texans
10-9-2022-rams	10/9/2022	2022	rams	10	22	cowboys	cowboys
10-9-2022-vikings	10/9/2022	2022	vikings	29	22	bears	vikings
10-9-2022-patriots	10/9/2022	2022	patriots	29	0	lions	patriots
10-9-2022-saints	10/9/2022	2022	saints	39	32	seahawks	saints
10-9-2022-jets	10/9/2022	2022	jets	40	17	dolphins	jets
10-9-2022-buccaneers	10/9/2022	2022	buccaneers	21	15	falcons	buccaneers
10-9-2022-commanders	10/9/2022	2022	commanders	17	21	titans	titans
10-10-2022-chiefs	10/10/2022	2022	chiefs	30	29	raiders	chiefs
10-13-2022-bears	10/13/2022	2022	bears	7	12	commanders	commanders
10-16-2022-falcons	10/16/2022	2022	falcons	28	14	49ers	falcons
10-16-2022-browns	10/16/2022	2022	browns	15	38	patriots	patriots
10-16-2022-packers	10/16/2022	2022	packers	10	27	jets	jets
10-16-2022-colts	10/16/2022	2022	colts	34	27	jaguars	colts
10-16-2022-chiefs	10/16/2022	2022	chiefs	20	24	bills	bills
10-16-2022-rams	10/16/2022	2022	rams	24	10	panthers	rams
10-16-2022-dolphins	10/16/2022	2022	dolphins	16	24	vikings	vikings
10-16-2022-saints	10/16/2022	2022	saints	26	30	bengals	bengals
10-16-2022-giants	10/16/2022	2022	giants	24	20	ravens	giants
10-16-2022-eagles	10/16/2022	2022	eagles	26	17	cowboys	eagles
10-16-2022-steelers	10/16/2022	2022	steelers	20	18	buccaneers	steelers
10-16-2022-seahawks	10/16/2022	2022	seahawks	19	9	cardinals	seahawks
10-17-2022-chargers	10/17/2022	2022	chargers	19	16	broncos	chargers
10-20-2022-cardinals	10/20/2022	2022	cardinals	42	34	saints	cardinals
10-23-2022-ravens	10/23/2022	2022	ravens	23	20	browns	ravens
10-23-2022-panthers	10/23/2022	2022	panthers	21	3	buccaneers	panthers
10-23-2022-bengals	10/23/2022	2022	bengals	35	17	falcons	bengals
10-23-2022-cowboys	10/23/2022	2022	cowboys	24	6	lions	cowboys
10-23-2022-broncos	10/23/2022	2022	broncos	9	16	jets	jets
10-23-2022-jaguars	10/23/2022	2022	jaguars	17	23	giants	giants
10-23-2022-raiders	10/23/2022	2022	raiders	38	20	texans	raiders
10-23-2022-chargers	10/23/2022	2022	chargers	23	37	seahawks	seahawks
10-23-2022-dolphins	10/23/2022	2022	dolphins	16	10	steelers	dolphins
10-23-2022-49ers	10/23/2022	2022	49ers	23	44	chiefs	chiefs
10-23-2022-titans	10/23/2022	2022	titans	19	10	colts	titans
10-23-2022-commanders	10/23/2022	2022	commanders	23	21	packers	commanders
10-24-2022-patriots	10/24/2022	2022	patriots	14	33	bears	bears
10-27-2022-buccaneers	10/27/2022	2022	buccaneers	22	27	ravens	ravens
10-30-2022-falcons	10/30/2022	2022	falcons	37	34	panthers	falcons
10-30-2022-bills	10/30/2022	2022	bills	27	17	packers	bills
10-30-2022-cowboys	10/30/2022	2022	cowboys	49	29	bears	cowboys
10-30-2022-lions	10/30/2022	2022	lions	27	31	dolphins	dolphins
10-30-2022-texans	10/30/2022	2022	texans	10	17	titans	titans
10-30-2022-colts	10/30/2022	2022	colts	16	17	commanders	commanders
10-30-2022-jaguars	10/30/2022	2022	jaguars	17	21	broncos	broncos
10-30-2022-rams	10/30/2022	2022	rams	14	31	49ers	49ers
10-30-2022-vikings	10/30/2022	2022	vikings	34	26	cardinals	vikings
10-30-2022-saints	10/30/2022	2022	saints	24	0	raiders	saints
10-30-2022-jets	10/30/2022	2022	jets	17	22	patriots	patriots
10-30-2022-eagles	10/30/2022	2022	eagles	35	13	steelers	eagles
10-30-2022-seahawks	10/30/2022	2022	seahawks	27	13	giants	seahawks
10-31-2022-browns	10/31/2022	2022	browns	32	13	bengals	browns
11-3-2022-texans	11/3/2022	2022	texans	17	29	eagles	eagles
11-6-2022-cardinals	11/6/2022	2022	cardinals	21	31	seahawks	seahawks
11-6-2022-falcons	11/6/2022	2022	falcons	17	20	chargers	chargers
11-6-2022-bears	11/6/2022	2022	bears	32	35	dolphins	dolphins
11-6-2022-bengals	11/6/2022	2022	bengals	42	21	panthers	bengals
11-6-2022-lions	11/6/2022	2022	lions	15	9	packers	lions
11-6-2022-jaguars	11/6/2022	2022	jaguars	27	20	raiders	jaguars
11-6-2022-chiefs	11/6/2022	2022	chiefs	20	17	titans	chiefs
11-6-2022-patriots	11/6/2022	2022	patriots	26	3	colts	patriots
11-6-2022-jets	11/6/2022	2022	jets	20	17	bills	jets
11-6-2022-buccaneers	11/6/2022	2022	buccaneers	16	13	rams	buccaneers
11-6-2022-commanders	11/6/2022	2022	commanders	17	20	vikings	vikings
11-7-2022-saints	11/7/2022	2022	saints	13	27	ravens	ravens
11-10-2022-panthers	11/10/2022	2022	panthers	25	15	falcons	panthers
11-13-2022-bills	11/13/2022	2022	bills	30	33	vikings	vikings
11-13-2022-bears	11/13/2022	2022	bears	30	31	lions	lions
11-13-2022-packers	11/13/2022	2022	packers	31	28	cowboys	packers
11-13-2022-chiefs	11/13/2022	2022	chiefs	27	17	jaguars	chiefs
11-13-2022-raiders	11/13/2022	2022	raiders	20	25	colts	colts
11-13-2022-rams	11/13/2022	2022	rams	17	27	cardinals	cardinals
11-13-2022-dolphins	11/13/2022	2022	dolphins	39	17	browns	dolphins
11-13-2022-giants	11/13/2022	2022	giants	24	16	texans	giants
11-13-2022-steelers	11/13/2022	2022	steelers	20	10	saints	steelers
11-13-2022-49ers	11/13/2022	2022	49ers	22	16	chargers	49ers
11-13-2022-buccaneers	11/13/2022	2022	buccaneers	21	16	seahawks	buccaneers
11-13-2022-titans	11/13/2022	2022	titans	17	10	broncos	titans
11-14-2022-eagles	11/14/2022	2022	eagles	21	32	commanders	commanders
11-17-2022-packers	11/17/2022	2022	packers	17	27	titans	titans
11-20-2022-falcons	11/20/2022	2022	falcons	27	24	bears	falcons
11-20-2022-ravens	11/20/2022	2022	ravens	13	3	panthers	ravens
11-20-2022-bills	11/20/2022	2022	bills	31	23	browns	bills
11-20-2022-broncos	11/20/2022	2022	broncos	16	22	raiders	raiders
11-20-2022-texans	11/20/2022	2022	texans	10	23	commanders	commanders
11-20-2022-colts	11/20/2022	2022	colts	16	17	eagles	eagles
11-20-2022-chargers	11/20/2022	2022	chargers	27	30	chiefs	chiefs
11-20-2022-vikings	11/20/2022	2022	vikings	3	40	cowboys	cowboys
11-20-2022-patriots	11/20/2022	2022	patriots	10	3	jets	patriots
11-20-2022-saints	11/20/2022	2022	saints	27	20	rams	saints
11-20-2022-giants	11/20/2022	2022	giants	18	31	lions	lions
11-20-2022-steelers	11/20/2022	2022	steelers	30	37	bengals	bengals
11-21-2022-cardinals	11/21/2022	2022	cardinals	10	38	49ers	49ers
11-24-2022-cowboys	11/24/2022	2022	cowboys	28	20	giants	cowboys
11-24-2022-lions	11/24/2022	2022	lions	25	28	bills	bills
11-24-2022-vikings	11/24/2022	2022	vikings	33	26	patriots	vikings
11-27-2022-cardinals	11/27/2022	2022	cardinals	24	25	chargers	chargers
11-27-2022-panthers	11/27/2022	2022	panthers	23	10	broncos	panthers
11-27-2022-browns	11/27/2022	2022	browns	23	17	buccaneers	browns
11-27-2022-jaguars	11/27/2022	2022	jaguars	28	27	ravens	jaguars
11-27-2022-chiefs	11/27/2022	2022	chiefs	26	10	rams	chiefs
11-27-2022-dolphins	11/27/2022	2022	dolphins	30	15	texans	dolphins
11-27-2022-jets	11/27/2022	2022	jets	31	10	bears	jets
11-27-2022-eagles	11/27/2022	2022	eagles	40	33	packers	eagles
11-27-2022-49ers	11/27/2022	2022	49ers	13	0	saints	49ers
11-27-2022-seahawks	11/27/2022	2022	seahawks	34	40	raiders	raiders
11-27-2022-titans	11/27/2022	2022	titans	16	20	bengals	bengals
11-27-2022-commanders	11/27/2022	2022	commanders	19	13	falcons	commanders
11-28-2022-colts	11/28/2022	2022	colts	17	24	steelers	steelers
12-1-2022-patriots	12/1/2022	2022	patriots	10	24	bills	bills
12-4-2022-falcons	12/4/2022	2022	falcons	16	19	steelers	steelers
12-4-2022-ravens	12/4/2022	2022	ravens	10	9	broncos	ravens
12-4-2022-bears	12/4/2022	2022	bears	19	28	packers	packers
12-4-2022-bengals	12/4/2022	2022	bengals	27	24	chiefs	bengals
12-4-2022-cowboys	12/4/2022	2022	cowboys	54	19	colts	cowboys
12-4-2022-lions	12/4/2022	2022	lions	40	14	jaguars	lions
12-4-2022-texans	12/4/2022	2022	texans	14	27	browns	browns
12-4-2022-raiders	12/4/2022	2022	raiders	27	20	chargers	raiders
12-4-2022-rams	12/4/2022	2022	rams	23	27	seahawks	seahawks
12-4-2022-vikings	12/4/2022	2022	vikings	27	22	jets	vikings
12-4-2022-giants	12/4/2022	2022	giants	20	20	commanders	tie
12-4-2022-eagles	12/4/2022	2022	eagles	35	10	titans	eagles
12-4-2022-49ers	12/4/2022	2022	49ers	33	17	dolphins	49ers
12-5-2022-buccaneers	12/5/2022	2022	buccaneers	17	16	saints	buccaneers
12-8-2022-rams	12/8/2022	2022	rams	17	16	raiders	rams
12-11-2022-bills	12/11/2022	2022	bills	20	12	jets	bills
12-11-2022-bengals	12/11/2022	2022	bengals	23	10	browns	bengals
12-11-2022-cowboys	12/11/2022	2022	cowboys	27	23	texans	cowboys
12-11-2022-broncos	12/11/2022	2022	broncos	28	34	chiefs	chiefs
12-11-2022-lions	12/11/2022	2022	lions	34	23	vikings	lions
12-11-2022-chargers	12/11/2022	2022	chargers	23	17	dolphins	chargers
12-11-2022-giants	12/11/2022	2022	giants	22	48	eagles	eagles
12-11-2022-steelers	12/11/2022	2022	steelers	14	16	ravens	ravens
12-11-2022-49ers	12/11/2022	2022	49ers	35	7	buccaneers	49ers
12-11-2022-seahawks	12/11/2022	2022	seahawks	24	30	panthers	panthers
12-11-2022-titans	12/11/2022	2022	titans	22	36	jaguars	jaguars
12-12-2022-cardinals	12/12/2022	2022	cardinals	13	27	patriots	patriots
12-15-2022-seahawks	12/15/2022	2022	seahawks	13	21	49ers	49ers
12-18-2022-bills	12/18/2022	2022	bills	32	29	dolphins	bills
12-18-2022-panthers	12/18/2022	2022	panthers	16	24	steelers	steelers
12-18-2022-bears	12/18/2022	2022	bears	20	25	eagles	eagles
12-18-2022-browns	12/17/2022	2022	browns	13	3	ravens	browns
12-18-2022-broncos	12/18/2022	2022	broncos	24	15	cardinals	broncos
12-18-2022-texans	12/18/2022	2022	texans	24	30	chiefs	chiefs
12-18-2022-jaguars	12/18/2022	2022	jaguars	40	34	cowboys	jaguars
12-18-2022-raiders	12/18/2022	2022	raiders	30	24	patriots	raiders
12-18-2022-chargers	12/18/2022	2022	chargers	17	14	titans	chargers
12-17-2022-vikings	12/17/2022	2022	vikings	39	36	colts	vikings
12-18-2022-saints	12/18/2022	2022	saints	21	18	falcons	saints
12-18-2022-jets	12/18/2022	2022	jets	17	20	lions	lions
12-18-2022-buccaneers	12/18/2022	2022	buccaneers	23	34	bengals	bengals
12-18-2022-commanders	12/18/2022	2022	commanders	12	20	giants	giants
12-19-2022-packers	12/19/2022	2022	packers	24	12	rams	packers
12-22-2022-jets	12/22/2022	2022	jets	3	19	jaguars	jaguars
12-24-2022-ravens	12/24/2022	2022	ravens	17	9	falcons	ravens
12-24-2022-panthers	12/24/2022	2022	panthers	37	23	lions	panthers
12-24-2022-bears	12/24/2022	2022	bears	13	35	bills	bills
12-24-2022-browns	12/24/2022	2022	browns	10	17	saints	saints
12-24-2022-cowboys	12/24/2022	2022	cowboys	40	34	eagles	cowboys
12-24-2022-chiefs	12/24/2022	2022	chiefs	24	10	seahawks	chiefs
12-24-2022-vikings	12/24/2022	2022	vikings	27	24	giants	vikings
12-24-2022-patriots	12/24/2022	2022	patriots	18	22	bengals	bengals
12-24-2022-steelers	12/24/2022	2022	steelers	13	10	raiders	steelers
12-24-2022-49ers	12/24/2022	2022	49ers	37	20	commanders	49ers
12-24-2022-titans	12/24/2022	2022	titans	14	19	texans	texans
12-25-2022-cardinals	12/25/2022	2022	cardinals	16	19	buccaneers	buccaneers
12-25-2022-rams	12/25/2022	2022	rams	51	14	broncos	rams
12-25-2022-dolphins	12/25/2022	2022	dolphins	20	26	packers	packers
12-26-2022-colts	12/26/2022	2022	colts	3	20	chargers	chargers
12-29-2022-titans	12/29/2022	2022	titans	13	27	cowboys	cowboys
1-1-2023-falcons	1/1/2023	2022	falcons	20	19	cardinals	falcons
1-1-2023-ravens	1/1/2023	2022	ravens	13	16	steelers	steelers
1-1-2023-lions	1/1/2023	2022	lions	41	10	bears	lions
1-1-2023-packers	1/1/2023	2022	packers	41	17	vikings	packers
1-1-2023-texans	1/1/2023	2022	texans	3	31	jaguars	jaguars
1-1-2023-chiefs	1/1/2023	2022	chiefs	27	24	broncos	chiefs
1-1-2023-raiders	1/1/2023	2022	raiders	34	37	49ers	49ers
1-1-2023-chargers	1/1/2023	2022	chargers	31	10	rams	chargers
1-1-2023-patriots	1/1/2023	2022	patriots	23	21	dolphins	patriots
1-1-2023-giants	1/1/2023	2022	giants	38	10	colts	giants
1-1-2023-eagles	1/1/2023	2022	eagles	10	20	saints	saints
1-1-2023-seahawks	1/1/2023	2022	seahawks	23	6	jets	seahawks
1-1-2023-buccaneers	1/1/2023	2022	buccaneers	30	24	panthers	buccaneers
1-1-2023-commanders	1/1/2023	2022	commanders	10	24	browns	browns
1-8-2023-falcons	1/8/2023	2022	falcons	30	17	buccaneers	falcons
1-8-2023-bills	1/8/2023	2022	bills	35	23	patriots	bills
1-8-2023-bears	1/8/2023	2022	bears	13	29	vikings	vikings
1-8-2023-bengals	1/8/2023	2022	bengals	27	16	ravens	bengals
1-8-2023-broncos	1/8/2023	2022	broncos	31	28	chargers	broncos
1-8-2023-packers	1/8/2023	2022	packers	16	20	lions	lions
1-8-2023-colts	1/8/2023	2022	colts	31	32	texans	texans
1-8-2023-jaguars	1/8/2023	2022	jaguars	20	16	titans	jaguars
1-8-2023-raiders	1/8/2023	2022	raiders	13	31	chiefs	chiefs
1-8-2023-dolphins	1/8/2023	2022	dolphins	11	6	jets	dolphins
1-8-2023-saints	1/8/2023	2022	saints	7	10	panthers	panthers
1-8-2023-eagles	1/8/2023	2022	eagles	22	16	giants	eagles
1-8-2023-steelers	1/8/2023	2022	steelers	28	14	browns	steelers
1-8-2023-49ers	1/8/2023	2022	49ers	38	13	cardinals	49ers
1-8-2023-seahawks	1/8/2023	2022	seahawks	19	16	rams	seahawks
1-8-2023-commanders	1/8/2023	2022	commanders	26	6	cowboys	commanders
1-14-2023-49ers	1/14/2023	2022	49ers	41	23	seahawks	49ers
1-14-2023-jaguars	1/14/2023	2022	jaguars	31	30	chargers	jaguars
1-15-2023-bills	1/15/2023	2022	bills	34	31	dolphins	bills
1-15-2023-vikings	1/15/2023	2022	vikings	24	31	giants	giants
1-16-2023-bengals	1/16/2023	2022	bengals	24	17	ravens	bengals
1-16-2023-buccaneers	1/16/2023	2022	buccaneers	14	31	cowboys	cowboys
1-21-2023-chiefs	1/21/2023	2022	chiefs	27	20	jaguars	chiefs
1-21-2023-eagles	1/21/2023	2022	eagles	38	7	giants	eagles
1-22-2023-bills	1/22/2023	2022	bills	10	27	bengals	bengals
1-22-2023-49ers	1/22/2023	2022	49ers	19	12	cowboys	49ers
1-29-2023-eagles	1/29/2023	2022	eagles	31	7	49ers	eagles
1-29-2023-chiefs	1/29/2023	2022	chiefs	23	20	bengals	chiefs
2-12-2023-eagles	2/12/2023	2022	eagles	35	38	chiefs	chiefs
