game_id	post_id	type	subreddit
9-12-2021-texans	pmlobi	pre	jaguars
9-12-2021-chiefs	pmvcyc	pre	browns
9-12-2021-rams	pmslur	pre	bears
9-12-2021-saints	pm7f7p	pre	packers
9-12-2021-giants	pmmta6	pre	broncos
9-12-2021-titans	pmqxtq	pre	titans
9-12-2021-titans	pmjpge	pre	cardinals
9-19-2021-bears	pqybiu	pre	bears
9-19-2021-browns	pra0es	pre	browns
9-19-2021-colts	pr9cau	pre	colts
9-19-2021-jaguars	pr0xc3	pre	jaguars
9-19-2021-jaguars	pr1cis	pre	broncos
9-19-2021-dolphins	pr5vap	pre	bills
9-19-2021-seahawks	pr6x2w	pre	titans
9-20-2021-packers	pruc3m	pre	packers
9-26-2021-bills	pvrp6d	pre	bills
9-26-2021-browns	pvusn8	pre	browns
9-26-2021-browns	pvjl8q	pre	bears
9-26-2021-broncos	pvn65j	pre	broncos
9-26-2021-jaguars	pvmdku	pre	jaguars
9-26-2021-jaguars	pvl1sb	pre	cardinals
9-26-2021-49ers	pw4iyk	pre	packers
9-26-2021-titans	pvskz6	pre	titans
9-26-2021-titans	pvsr77	pre	colts
9-30-2021-bengals	pycjiv	pre	jaguars
10-3-2021-bills	q0kvql	pre	bills
10-3-2021-bears	q07b96	pre	bears
10-3-2021-broncos	q0be5p	pre	broncos
10-3-2021-rams	q0j1us	pre	cardinals
10-3-2021-dolphins	q0icsz	pre	colts
10-3-2021-vikings	q0h9s7	pre	browns
10-3-2021-jets	q0jejr	pre	titans
10-10-2021-cardinals	q5azuq	pre	cardinals
10-10-2021-bengals	q56pfx	pre	packers
10-10-2021-jaguars	q50w5y	pre	jaguars
10-10-2021-jaguars	q596yn	pre	titans
10-10-2021-chiefs	q576eo	pre	bills
10-10-2021-raiders	q4y0g0	pre	bears
10-10-2021-chargers	q5ckqz	pre	browns
10-10-2021-steelers	q52b9f	pre	broncos
10-11-2021-ravens	q60qfe	pre	colts
10-17-2021-bears	q9nkzr	pre	bears
10-17-2021-bears	q9wnfw	pre	packers
10-17-2021-browns	qa25qm	pre	browns
10-17-2021-browns	q9qs1x	pre	cardinals
10-17-2021-broncos	q9socd	pre	broncos
10-17-2021-colts	qa0u0b	pre	colts
10-17-2021-jaguars	q9qsmc	pre	jaguars
10-18-2021-titans	qamifv	pre	titans
10-18-2021-titans	qalbxr	pre	bills
10-21-2021-browns	qcjqph	pre	broncos
10-24-2021-cardinals	qeoi2g	pre	cardinals
10-24-2021-packers	qenhhd	pre	packers
10-24-2021-49ers	qevb59	pre	colts
10-24-2021-buccaneers	qehwl7	pre	bears
10-24-2021-titans	qerr82	pre	titans
10-28-2021-cardinals	qhqiwd	pre	cardinals
10-28-2021-cardinals	qhlodj	pre	packers
10-31-2021-bills	qjoafg	pre	bills
10-31-2021-bears	qjerk8	pre	bears
10-31-2021-browns	qjs0x5	pre	browns
10-31-2021-broncos	qjjdc7	pre	broncos
10-31-2021-colts	qjpduh	pre	colts
10-31-2021-colts	qjo42u	pre	titans
10-31-2021-seahawks	qjhufq	pre	jaguars
11-4-2021-colts	qmqjih	pre	colts
11-7-2021-cowboys	qoiim3	pre	broncos
11-7-2021-jaguars	qogoad	pre	jaguars
11-7-2021-jaguars	qolplp	pre	bills
11-7-2021-chiefs	qo398o	pre	packers
11-7-2021-rams	qorn7r	pre	titans
11-7-2021-49ers	qoqahg	pre	cardinals
11-8-2021-steelers	qopnhz	pre	bears
11-14-2021-broncos	qtk408	pre	broncos
11-14-2021-packers	qtjdpn	pre	packers
11-14-2021-colts	qthyk5	pre	colts
11-14-2021-colts	qtirjj	pre	jaguars
11-14-2021-patriots	qtsyyf	pre	browns
11-14-2021-jets	qtpc7m	pre	bills
11-14-2021-titans	qtr0iv	pre	titans
11-21-2021-bills	qynemx	pre	colts
11-21-2021-bears	qyjno4	pre	bears
11-21-2021-browns	qyxdx4	pre	browns
11-21-2021-jaguars	qynjvx	pre	jaguars
11-21-2021-vikings	qyohxs	pre	packers
11-21-2021-seahawks	qylgr3	pre	cardinals
11-21-2021-titans	qyud33	pre	titans
11-25-2021-lions	r1gcxy	pre	bears
11-25-2021-saints	r1yecj	pre	bills
11-28-2021-ravens	r4fl4j	pre	browns
11-28-2021-broncos	r3yta1	pre	broncos
11-28-2021-packers	r3xbiq	pre	packers
11-28-2021-jaguars	r3wbjp	pre	jaguars
11-28-2021-patriots	r441wj	pre	titans
12-5-2021-bears	r94pwm	pre	bears
12-5-2021-bears	r945f4	pre	cardinals
12-5-2021-chiefs	r99gwb	pre	broncos
12-5-2021-rams	r98f6b	pre	jaguars
12-12-2021-browns	reqpdm	pre	browns
12-12-2021-broncos	rei8p0	pre	broncos
12-12-2021-packers	reihkj	pre	packers
12-12-2021-packers	re9eb2	pre	bears
12-12-2021-buccaneers	reqbih	pre	bills
12-12-2021-titans	repp2t	pre	titans
12-12-2021-titans	rehjxz	pre	jaguars
12-13-2021-cardinals	rfb10f	pre	cardinals
12-18-2021-colts	rj218g	pre	colts
12-19-2021-ravens	rjqaw7	pre	packers
12-19-2021-bills	rjwaid	pre	bills
12-19-2021-broncos	rjqfou	pre	broncos
12-19-2021-lions	rjtcve	pre	cardinals
12-19-2021-jaguars	rjpd8g	pre	jaguars
12-19-2021-steelers	rjxim8	pre	titans
12-20-2021-bears	rkeesn	pre	bears
12-20-2021-browns	rkw0k1	pre	browns
12-23-2021-titans	rmxs5v	pre	titans
12-25-2021-cardinals	roepre	pre	cardinals
12-25-2021-cardinals	rob51j	pre	colts
12-25-2021-packers	ro3q2u	pre	packers
12-25-2021-packers	roetw4	pre	browns
12-26-2021-raiders	rornph	pre	broncos
12-26-2021-patriots	rowhhx	pre	bills
12-26-2021-jets	roqdyo	pre	jaguars
12-26-2021-seahawks	rol32t	pre	bears
1-2-2022-bills	rua680	pre	bills
1-2-2022-bears	rtw2mr	pre	bears
1-2-2022-cowboys	ru13u0	pre	cardinals
1-2-2022-packers	ru33xp	pre	packers
1-2-2022-colts	rua2yv	pre	colts
1-2-2022-chargers	ruau9f	pre	broncos
1-2-2022-patriots	ru23fs	pre	jaguars
1-2-2022-titans	ruaurh	pre	titans
1-3-2022-steelers	rvg1x2	pre	browns
1-8-2022-broncos	rz2e3e	pre	broncos
1-9-2022-cardinals	rzvmjz	pre	cardinals
1-9-2022-bills	rzsb0t	pre	bills
1-9-2022-lions	rzkw3j	pre	packers
1-9-2022-texans	rzsj8l	pre	titans
1-9-2022-jaguars	rzjxyv	pre	jaguars
1-9-2022-jaguars	rzs7qu	pre	colts
1-9-2022-vikings	rzdd1g	pre	bears
1-17-2022-rams	s6971g	pre	cardinals
1-22-2022-packers	s9ww21	pre	packers
1-22-2022-titans	sa20eg	pre	titans
9-11-2022-cardinals	xbp0lz	pre	cardinals
9-11-2022-panthers	xbhtt4	pre	browns
9-11-2022-bears	xb55j3	pre	bears
9-11-2022-lions	xbgzix	pre	lions
9-11-2022-texans	xbjndg	pre	colts
9-11-2022-vikings	xb9pbb	pre	packers
9-11-2022-titans	xbhya7	pre	titans
9-11-2022-commanders	xb9qkp	pre	jaguars
9-12-2022-seahawks	xc2y43	pre	broncos
9-18-2022-browns	xhjux4	pre	browns
9-18-2022-broncos	xh8nbg	pre	broncos
9-18-2022-packers	xhf814	pre	packers
9-18-2022-packers	xh59ie	pre	bears
9-18-2022-jaguars	xh6kt2	pre	jaguars
9-18-2022-jaguars	xhf2j9	pre	colts
9-18-2022-raiders	xhm90e	pre	cardinals
9-19-2022-bills	xibd0i	pre	titans
9-22-2022-browns	xlbn2a	pre	browns
9-25-2022-cardinals	xnu9t0	pre	cardinals
9-25-2022-bears	xn4gz1	pre	bears
9-25-2022-broncos	xndw09	pre	broncos
9-25-2022-chargers	xncw3u	pre	jaguars
9-25-2022-buccaneers	xntrco	pre	packers
9-25-2022-titans	xnmr5u	pre	titans
10-2-2022-falcons	xtrpnr	pre	browns
10-2-2022-panthers	xt62n6	pre	panthers
10-2-2022-panthers	xtv4al	pre	cardinals
10-2-2022-packers	xtojpa	pre	packers
10-2-2022-colts	xtr2md	pre	titans
10-2-2022-raiders	xtrub8	pre	broncos
10-2-2022-giants	xt7n8x	pre	bears
10-2-2022-eagles	xtf0aq	pre	jaguars
10-6-2022-broncos	xwxqjd	pre	broncos
10-9-2022-cardinals	xzpv7m	pre	cardinals
10-9-2022-panthers	xz2edw	pre	panthers
10-9-2022-browns	xzo0ut	pre	browns
10-9-2022-jaguars	xzmp7f	pre	jaguars
10-9-2022-vikings	xz67nh	pre	bears
10-9-2022-commanders	xzl3n3	pre	titans
10-13-2022-bears	y2rjfb	pre	bears
10-16-2022-browns	y5jogx	pre	browns
10-16-2022-packers	y5hpem	pre	packers
10-16-2022-colts	y57r62	pre	jaguars
10-16-2022-seahawks	y5nafl	pre	cardinals
10-17-2022-chargers	y6anxp	pre	broncos
10-20-2022-cardinals	y91b1m	pre	cardinals
10-23-2022-ravens	ybk2jx	pre	browns
10-23-2022-broncos	yb9plu	pre	broncos
10-23-2022-jaguars	yb80cu	pre	jaguars
10-23-2022-titans	ybjv4q	pre	titans
10-23-2022-commanders	ybje0h	pre	packers
10-24-2022-patriots	ybufhs	pre	bears
10-30-2022-bills	yhfjbi	pre	packers
10-30-2022-cowboys	yh673l	pre	bears
10-30-2022-texans	yhdpsl	pre	titans
10-30-2022-jaguars	yh0kb3	pre	jaguars
10-30-2022-vikings	yhhhru	pre	cardinals
11-6-2022-cardinals	ynyosu	pre	cardinals
11-6-2022-bears	ynbcwt	pre	bears
11-6-2022-lions	ynppjj	pre	packers
11-6-2022-jaguars	ynfpzh	pre	jaguars
11-6-2022-chiefs	ynqn35	pre	titans
11-13-2022-bears	ytnasm	pre	bears
11-13-2022-packers	yu03ap	pre	packers
11-13-2022-chiefs	yu14iq	pre	jaguars
11-13-2022-dolphins	yu7kxy	pre	browns
11-13-2022-titans	yu6ze8	pre	titans
11-13-2022-titans	ytudp8	pre	broncos
11-17-2022-packers	yxr186	pre	packers
11-17-2022-packers	yxr34o	pre	titans
11-20-2022-falcons	yzqm7f	pre	bears
11-20-2022-broncos	yzxmir	pre	broncos
11-27-2022-cardinals	z68kfj	pre	cardinals
11-27-2022-panthers	z5ucuj	pre	broncos
11-27-2022-browns	z65qu9	pre	browns
11-27-2022-jaguars	z5s65h	pre	jaguars
11-27-2022-jets	z5o012	pre	bears
11-27-2022-eagles	z649hn	pre	packers
11-27-2022-titans	z61wwx	pre	titans
12-4-2022-ravens	zc331q	pre	broncos
12-4-2022-bears	zbsgm4	pre	bears
12-4-2022-bears	zca5pr	pre	packers
12-4-2022-lions	zc0zqn	pre	jaguars
12-4-2022-texans	zcdg9f	pre	browns
12-4-2022-eagles	zcafhj	pre	titans
12-11-2022-bengals	ziva0n	pre	browns
12-11-2022-broncos	zij1qo	pre	broncos
12-11-2022-titans	zit386	pre	titans
12-11-2022-titans	zijtqs	pre	jaguars
12-12-2022-cardinals	zk4ra4	pre	cardinals
12-18-2022-bears	zokrd4	pre	bears
12-18-2022-browns	zoel02	pre	browns
12-18-2022-broncos	zoshzx	pre	broncos
12-18-2022-broncos	zp4l84	pre	cardinals
12-18-2022-jaguars	zor2df	pre	jaguars
12-18-2022-chargers	zoz9tl	pre	titans
12-19-2022-packers	zq5dis	pre	packers
12-22-2022-jets	zscvcm	pre	jaguars
12-24-2022-bears	zu57vi	pre	bears
12-24-2022-browns	zucd51	pre	browns
12-24-2022-titans	zuadxl	pre	titans
12-25-2022-cardinals	zv348j	pre	cardinals
12-25-2022-rams	zustmj	pre	broncos
12-25-2022-dolphins	zuzs7j	pre	packers
12-29-2022-titans	zyigiq	pre	titans
1-1-2023-lions	1007ted	pre	bears
1-1-2023-packers	100kss8	pre	packers
1-1-2023-chiefs	100e2vc	pre	broncos
1-1-2023-commanders	100mh3k	pre	browns
1-8-2023-bears	1064bkq	pre	bears
1-8-2023-broncos	106clc8	pre	broncos
1-8-2023-packers	106opke	pre	packers
1-8-2023-jaguars	105podt	pre	titans
1-8-2023-steelers	106mpum	pre	browns
1-14-2023-jaguars	10bgevx	pre	jaguars
1-21-2023-chiefs	10hj65o	pre	jaguars
1-22-2023-bills	10ikfee	pre	bills
9-9-2021-buccaneers	pl8w2r	game	buccaneers
9-9-2021-buccaneers	pkvlxh	game	cowboys
9-12-2021-falcons	pmvd2g	game	falcons
9-12-2021-falcons	pmw7z3	game	eagles
9-12-2021-bills	pmwep3	game	bills
9-12-2021-bills	pmvcmg	game	steelers
9-12-2021-panthers	pmvxko	game	panthers
9-12-2021-panthers	pmvcwi	game	jets
9-12-2021-bengals	pmvgnj	game	vikings
9-12-2021-lions	pmvcwk	game	lions
9-12-2021-texans	pmw615	game	jaguars
9-12-2021-colts	pmv8qk	game	colts
9-12-2021-colts	pmw28a	game	seahawks
9-12-2021-chiefs	pmz9da	game	chiefs
9-12-2021-chiefs	pmzxdp	game	browns
9-12-2021-rams	pn3i19	game	rams
9-12-2021-rams	pn456l	game	bears
9-12-2021-patriots	pmzbij	game	patriots
9-12-2021-patriots	pmz4nq	game	dolphins
9-12-2021-saints	pmz7op	game	saints
9-12-2021-saints	pmzxdh	game	packers
9-12-2021-giants	pmz9d9	game	giants
9-12-2021-giants	pmz7m8	game	broncos
9-12-2021-titans	pmweun	game	titans
9-12-2021-titans	pmw0al	game	cardinals
9-13-2021-raiders	pnqrqd	game	raiders
9-13-2021-raiders	pnrccd	game	ravens
9-16-2021-commanders	ppoh8w	game	commanders
9-16-2021-commanders	ppoh7s	game	giants
9-19-2021-cardinals	prevz6	game	cardinals
9-19-2021-cardinals	pre3bz	game	vikings
9-19-2021-ravens	prjeoc	game	ravens
9-19-2021-ravens	priuue	game	chiefs
9-19-2021-panthers	praxv5	game	panthers
9-19-2021-panthers	prbp4s	game	saints
9-19-2021-bears	prbiv0	game	bears
9-19-2021-bears	pran7d	game	bengals
9-19-2021-browns	prb8f4	game	browns
9-19-2021-browns	pran67	game	texans
9-19-2021-colts	prb733	game	colts
9-19-2021-colts	pran59	game	rams
9-19-2021-jaguars	prbdeg	game	jaguars
9-19-2021-jaguars	prbdw1	game	broncos
9-19-2021-chargers	prel9n	game	chargers
9-19-2021-chargers	pr6zl0	game	cowboys
9-19-2021-dolphins	prao3t	game	dolphins
9-19-2021-dolphins	prbiwo	game	bills
9-19-2021-jets	pran6d	game	jets
9-19-2021-jets	prandb	game	patriots
9-19-2021-eagles	prbiro	game	eagles
9-19-2021-eagles	prand4	game	49ers
9-19-2021-steelers	pran5q	game	steelers
9-19-2021-steelers	pran4n	game	raiders
9-19-2021-seahawks	prf6bi	game	seahawks
9-19-2021-seahawks	prfmi3	game	titans
9-19-2021-buccaneers	pre7pk	game	buccaneers
9-19-2021-buccaneers	pre7kb	game	falcons
9-20-2021-packers	ps6qrs	game	packers
9-20-2021-packers	ps6530	game	lions
9-23-2021-texans	pu79j3	game	texans
9-23-2021-texans	pu79mu	game	panthers
9-26-2021-bills	pvxh1c	game	bills
9-26-2021-bills	pvwn31	game	commanders
9-26-2021-browns	pvx79s	game	browns
9-26-2021-browns	pvxgx6	game	bears
9-26-2021-broncos	pw0ql7	game	broncos
9-26-2021-broncos	pw03z9	game	jets
9-26-2021-lions	pvwn1n	game	lions
9-26-2021-lions	pvxg5x	game	ravens
9-26-2021-jaguars	pvxdr1	game	jaguars
9-26-2021-jaguars	pvxgtv	game	cardinals
9-26-2021-chiefs	pvwmvv	game	chiefs
9-26-2021-chiefs	pvwmu9	game	chargers
9-26-2021-raiders	pw03z7	game	raiders
9-26-2021-raiders	pw00od	game	dolphins
9-26-2021-rams	pw0hkq	game	rams
9-26-2021-rams	pw0e8f	game	buccaneers
9-26-2021-vikings	pw02vl	game	vikings
9-26-2021-vikings	pw14qc	game	seahawks
9-26-2021-patriots	pvwn2i	game	patriots
9-26-2021-patriots	pvxoe8	game	saints
9-26-2021-giants	pvwmwm	game	giants
9-26-2021-giants	pvwn4s	game	falcons
9-26-2021-steelers	pvwmur	game	steelers
9-26-2021-steelers	pvwmv4	game	bengals
9-26-2021-49ers	pw4qlc	game	49ers
9-26-2021-49ers	pw5ms9	game	packers
9-26-2021-titans	pvxp8e	game	titans
9-26-2021-titans	pvwpby	game	colts
9-27-2021-cowboys	pwg54w	game	cowboys
9-27-2021-cowboys	pwtxcd	game	eagles
9-30-2021-bengals	pyve70	game	bengals
9-30-2021-bengals	pyw830	game	jaguars
10-3-2021-falcons	q0kmzr	game	falcons
10-3-2021-falcons	q0kmsl	game	commanders
10-3-2021-bills	q0kmpo	game	texans
10-3-2021-bears	q0lknd	game	bears
10-3-2021-bears	q0kn0b	game	lions
10-3-2021-cowboys	q0g93b	game	cowboys
10-3-2021-cowboys	q0ky5l	game	panthers
10-3-2021-broncos	q0p7m8	game	broncos
10-3-2021-broncos	q0pg41	game	ravens
10-3-2021-packers	q0pzzl	game	packers
10-3-2021-packers	q0orxs	game	steelers
10-3-2021-rams	q0od59	game	rams
10-3-2021-rams	q0ot2e	game	cardinals
10-3-2021-dolphins	q0ko8a	game	dolphins
10-3-2021-dolphins	q0kur4	game	colts
10-3-2021-vikings	q0kquq	game	vikings
10-3-2021-vikings	q0kn2h	game	browns
10-3-2021-patriots	q0ta6h	game	patriots
10-3-2021-patriots	q0ta6f	game	buccaneers
10-3-2021-saints	q0lklf	game	saints
10-3-2021-saints	q0kmq7	game	giants
10-3-2021-jets	q0kmob	game	jets
10-3-2021-jets	q0ls3i	game	titans
10-3-2021-eagles	q0ljnu	game	eagles
10-3-2021-eagles	q0kmts	game	chiefs
10-3-2021-49ers	q0od5d	game	49ers
10-3-2021-49ers	q0p5xt	game	seahawks
10-4-2021-chargers	q1hx4c	game	chargers
10-4-2021-chargers	q1hx4o	game	raiders
10-7-2021-seahawks	q3lt7e	game	seahawks
10-7-2021-seahawks	q3l8og	game	rams
10-10-2021-cardinals	q5fkq8	game	cardinals
10-10-2021-cardinals	q5etkf	game	49ers
10-10-2021-falcons	q57ptq	game	falcons
10-10-2021-falcons	q574lh	game	jets
10-10-2021-panthers	q5b3tv	game	panthers
10-10-2021-panthers	q5bp35	game	eagles
10-10-2021-bengals	q5asov	game	bengals
10-10-2021-bengals	q5bwec	game	packers
10-10-2021-cowboys	q56nv6	game	cowboys
10-10-2021-cowboys	q5etkg	game	giants
10-10-2021-texans	q5aso9	game	texans
10-10-2021-texans	q5at6x	game	patriots
10-10-2021-jaguars	q5bpi1	game	jaguars
10-10-2021-jaguars	q5c0j3	game	titans
10-10-2021-chiefs	q5j6wr	game	chiefs
10-10-2021-chiefs	q5jv0r	game	bills
10-10-2021-raiders	q5efkq	game	raiders
10-10-2021-raiders	q5f7n2	game	bears
10-10-2021-chargers	q5efkx	game	chargers
10-10-2021-chargers	q5ex2d	game	browns
10-10-2021-vikings	q5aroe	game	vikings
10-10-2021-vikings	q5at0f	game	lions
10-10-2021-steelers	q5asof	game	steelers
10-10-2021-steelers	q5bo2p	game	broncos
10-10-2021-buccaneers	q5at77	game	buccaneers
10-10-2021-buccaneers	q5ata8	game	dolphins
10-10-2021-commanders	q5asrf	game	commanders
10-10-2021-commanders	q5bpzm	game	saints
10-11-2021-ravens	q69clj	game	ravens
10-11-2021-ravens	q68r34	game	colts
10-14-2021-eagles	q8c3ni	game	eagles
10-14-2021-eagles	q8b9p7	game	buccaneers
10-17-2021-ravens	qa2hfd	game	ravens
10-17-2021-ravens	qa1ka5	game	chargers
10-17-2021-panthers	qa1vfx	game	panthers
10-17-2021-panthers	qa1lkf	game	vikings
10-17-2021-bears	qa2gar	game	bears
10-17-2021-bears	qa2nqn	game	packers
10-17-2021-browns	qa5t73	game	browns
10-17-2021-browns	qa5t22	game	cardinals
10-17-2021-broncos	qa65t7	game	broncos
10-17-2021-broncos	qa5pj3	game	raiders
10-17-2021-lions	qa1kh9	game	lions
10-17-2021-lions	qa1kcp	game	bengals
10-17-2021-colts	qa1yrz	game	colts
10-17-2021-colts	qa1k4t	game	texans
10-17-2021-jaguars	q9xz4m	game	jaguars
10-17-2021-jaguars	q9xs7h	game	dolphins
10-17-2021-patriots	qa5t6z	game	patriots
10-17-2021-patriots	q9xmst	game	cowboys
10-17-2021-giants	qa1k7s	game	giants
10-17-2021-giants	qa1k7a	game	rams
10-17-2021-steelers	qaa7cz	game	steelers
10-17-2021-steelers	qaaqqf	game	seahawks
10-17-2021-commanders	qa1k84	game	commanders
10-17-2021-commanders	qa1kbt	game	chiefs
10-18-2021-titans	qazn9w	game	titans
10-21-2021-browns	qd50mf	game	browns
10-21-2021-browns	qd4f5j	game	broncos
10-24-2021-cardinals	qf01pz	game	cardinals
10-24-2021-cardinals	qez5v1	game	texans
10-24-2021-ravens	qevl88	game	ravens
10-24-2021-ravens	qevlw8	game	bengals
10-24-2021-packers	qevlte	game	commanders
10-24-2021-raiders	qeyqyl	game	raiders
10-24-2021-raiders	qezoij	game	eagles
10-24-2021-rams	qeyqyk	game	rams
10-24-2021-rams	qeyn6u	game	lions
10-24-2021-dolphins	qev01a	game	dolphins
10-24-2021-dolphins	qevlyz	game	falcons
10-24-2021-patriots	qev0ln	game	patriots
10-24-2021-patriots	qevlrn	game	jets
10-24-2021-giants	qevls0	game	giants
10-24-2021-giants	qevba7	game	panthers
10-24-2021-49ers	qf3roe	game	49ers
10-24-2021-49ers	qf3my2	game	colts
10-24-2021-buccaneers	qez60m	game	buccaneers
10-24-2021-buccaneers	qf06pf	game	bears
10-24-2021-titans	qew5et	game	titans
10-24-2021-titans	qevlw0	game	chiefs
10-25-2021-seahawks	qftngn	game	seahawks
10-25-2021-seahawks	qfu2o1	game	saints
10-28-2021-cardinals	qhzkk8	game	cardinals
10-28-2021-cardinals	qi08vc	game	packers
10-31-2021-falcons	qjsi23	game	falcons
10-31-2021-falcons	qjsthb	game	panthers
10-31-2021-bills	qjtfod	game	bills
10-31-2021-bills	qjshhf	game	dolphins
10-31-2021-bears	qjtfi0	game	bears
10-31-2021-bears	qjshrt	game	49ers
10-31-2021-browns	qjt4ao	game	browns
10-31-2021-browns	qjshlf	game	steelers
10-31-2021-broncos	qjx8lt	game	broncos
10-31-2021-broncos	qjwqch	game	commanders
10-31-2021-lions	qjshvn	game	lions
10-31-2021-lions	qjtfi4	game	eagles
10-31-2021-texans	qjshlr	game	texans
10-31-2021-texans	qjshmv	game	rams
10-31-2021-colts	qjsvd0	game	colts
10-31-2021-colts	qjtosl	game	titans
10-31-2021-chargers	qjwbi0	game	chargers
10-31-2021-chargers	qjw7rk	game	patriots
10-31-2021-vikings	qk1anh	game	vikings
10-31-2021-vikings	qjnbbc	game	cowboys
10-31-2021-saints	qjxr9u	game	saints
10-31-2021-saints	qjwqhg	game	buccaneers
10-31-2021-jets	qjshtq	game	jets
10-31-2021-jets	qjshs4	game	bengals
10-31-2021-seahawks	qjwypr	game	seahawks
10-31-2021-seahawks	qjx7lu	game	jaguars
11-1-2021-chiefs	qkqj8a	game	chiefs
11-1-2021-chiefs	qkqj85	game	giants
11-4-2021-colts	qmy6bk	game	colts
11-4-2021-colts	qmxkhv	game	jets
11-7-2021-ravens	qotf2k	game	ravens
11-7-2021-ravens	qosg7q	game	vikings
11-7-2021-panthers	qoslm9	game	patriots
11-7-2021-bengals	qosnzr	game	bengals
11-7-2021-bengals	qoso9l	game	browns
11-7-2021-cowboys	qooumq	game	cowboys
11-7-2021-cowboys	qotle5	game	broncos
11-7-2021-jaguars	qotqbc	game	jaguars
11-7-2021-jaguars	qotnk1	game	bills
11-7-2021-chiefs	qowzoq	game	chiefs
11-7-2021-chiefs	qoxpfx	game	packers
11-7-2021-rams	qp1nz0	game	rams
11-7-2021-rams	qp2ood	game	titans
11-7-2021-dolphins	qosobu	game	dolphins
11-7-2021-dolphins	qosnye	game	texans
11-7-2021-saints	qothl7	game	saints
11-7-2021-saints	qoso1j	game	falcons
11-7-2021-giants	qosnzi	game	giants
11-7-2021-giants	qoso0h	game	raiders
11-7-2021-eagles	qoxi42	game	eagles
11-7-2021-eagles	qowl1y	game	chargers
11-7-2021-49ers	qowzos	game	49ers
11-7-2021-49ers	qoxjab	game	cardinals
11-8-2021-steelers	qpr4cj	game	steelers
11-8-2021-steelers	qprzk8	game	bears
11-11-2021-dolphins	qryy3d	game	dolphins
11-11-2021-dolphins	qrzgnq	game	ravens
11-14-2021-cardinals	qtsmqm	game	cardinals
11-14-2021-cowboys	qtokd8	game	cowboys
11-14-2021-cowboys	qtu2m9	game	falcons
11-14-2021-broncos	qtz0s7	game	broncos
11-14-2021-broncos	qtzjno	game	eagles
11-14-2021-packers	qtzc3n	game	packers
11-14-2021-packers	qtzdal	game	seahawks
11-14-2021-colts	qtu4cd	game	colts
11-14-2021-colts	qtv35q	game	jaguars
11-14-2021-raiders	qu3fof	game	raiders
11-14-2021-raiders	qu3fo1	game	chiefs
11-14-2021-chargers	qty4rd	game	chargers
11-14-2021-chargers	qtygxf	game	vikings
11-14-2021-patriots	qtu5tz	game	patriots
11-14-2021-patriots	qtuqh6	game	browns
11-14-2021-jets	qtu2ju	game	jets
11-14-2021-jets	qtv2b1	game	bills
11-14-2021-steelers	qtu2j4	game	steelers
11-14-2021-steelers	qtu2xm	game	lions
11-14-2021-titans	qtvc0o	game	titans
11-14-2021-titans	qtv6bu	game	saints
11-14-2021-commanders	qtu2l6	game	commanders
11-14-2021-commanders	qtu2w9	game	buccaneers
11-15-2021-49ers	quuhra	game	49ers
11-15-2021-49ers	quuhr8	game	rams
11-18-2021-falcons	qx3lwp	game	falcons
11-18-2021-falcons	qx3m0o	game	patriots
11-21-2021-bills	qz05vi	game	bills
11-21-2021-bills	qyz9k7	game	colts
11-21-2021-panthers	qz023z	game	panthers
11-21-2021-panthers	qyz6jx	game	commanders
11-21-2021-bears	qz05no	game	bears
11-21-2021-bears	qz06xv	game	ravens
11-21-2021-browns	qyzubf	game	browns
11-21-2021-browns	qyz6tf	game	lions
11-21-2021-jaguars	qz09qi	game	jaguars
11-21-2021-jaguars	qyz6jk	game	49ers
11-21-2021-chiefs	qz3ksy	game	chiefs
11-21-2021-chiefs	qyw6os	game	cowboys
11-21-2021-raiders	qz35pz	game	raiders
11-21-2021-raiders	qz35q0	game	bengals
11-21-2021-chargers	qz8e0f	game	chargers
11-21-2021-chargers	qz8e0n	game	steelers
11-21-2021-vikings	qyz6dt	game	vikings
11-21-2021-vikings	qz05v9	game	packers
11-21-2021-jets	qyz6gf	game	jets
11-21-2021-jets	qyz6le	game	dolphins
11-21-2021-eagles	qz05p9	game	eagles
11-21-2021-eagles	qz0a5a	game	saints
11-21-2021-seahawks	qz4czs	game	seahawks
11-21-2021-seahawks	qz3l6e	game	cardinals
11-21-2021-titans	qz0fgp	game	titans
11-21-2021-titans	qyz6g6	game	texans
11-22-2021-buccaneers	r0016p	game	buccaneers
11-22-2021-buccaneers	r0010k	game	giants
11-25-2021-cowboys	r1v2os	game	cowboys
11-25-2021-cowboys	r25pg8	game	raiders
11-25-2021-lions	r1zpog	game	lions
11-25-2021-lions	r21ca4	game	bears
11-25-2021-saints	r283io	game	saints
11-25-2021-saints	r2b2ke	game	bills
11-28-2021-ravens	r4ix39	game	ravens
11-28-2021-ravens	r4ir2q	game	browns
11-28-2021-bengals	r48t2a	game	bengals
11-28-2021-bengals	r48syd	game	steelers
11-28-2021-broncos	r4dygj	game	broncos
11-28-2021-broncos	r4d0fv	game	chargers
11-28-2021-packers	r4e8qb	game	packers
11-28-2021-packers	r4dg95	game	rams
11-28-2021-texans	r48szl	game	texans
11-28-2021-texans	r48t0g	game	jets
11-28-2021-colts	r48t8v	game	buccaneers
11-28-2021-jaguars	r49wbf	game	jaguars
11-28-2021-jaguars	r48t1y	game	falcons
11-28-2021-dolphins	r48u6o	game	dolphins
11-28-2021-dolphins	r49u3c	game	panthers
11-28-2021-patriots	r48vv2	game	patriots
11-28-2021-patriots	r4a37w	game	titans
11-28-2021-giants	r48t0u	game	giants
11-28-2021-giants	r49tzt	game	eagles
11-28-2021-49ers	r4dg98	game	49ers
11-28-2021-49ers	r4d48u	game	vikings
11-29-2021-commanders	r59p34	game	commanders
11-29-2021-commanders	r5abj7	game	seahawks
12-2-2021-saints	r7mfqq	game	saints
12-2-2021-saints	r768ay	game	cowboys
12-5-2021-falcons	r9jy6q	game	falcons
12-5-2021-falcons	r9jy9d	game	buccaneers
12-5-2021-bears	r9kxeq	game	bears
12-5-2021-bears	r9ky7v	game	cardinals
12-5-2021-bengals	r9jy7a	game	bengals
12-5-2021-bengals	r9jy4y	game	chargers
12-5-2021-lions	r9jycz	game	lions
12-5-2021-lions	r9jy85	game	vikings
12-5-2021-texans	r9jy2x	game	texans
12-5-2021-chiefs	r9tmg6	game	chiefs
12-5-2021-chiefs	r9uene	game	broncos
12-5-2021-raiders	r9o25l	game	raiders
12-5-2021-raiders	r9o25q	game	commanders
12-5-2021-rams	r9o25m	game	rams
12-5-2021-rams	r9pdta	game	jaguars
12-5-2021-dolphins	r9jz9q	game	dolphins
12-5-2021-dolphins	r9jy39	game	giants
12-5-2021-jets	r9jy3k	game	jets
12-5-2021-jets	r9kxhq	game	eagles
12-5-2021-steelers	r9oi5o	game	steelers
12-5-2021-steelers	r9pdhd	game	ravens
12-5-2021-seahawks	r9p5ri	game	seahawks
12-5-2021-seahawks	r9oi5p	game	49ers
12-6-2021-bills	raja5d	game	patriots
12-9-2021-vikings	rcvkjo	game	vikings
12-9-2021-vikings	rcvbnr	game	steelers
12-12-2021-panthers	reu2gh	game	panthers
12-12-2021-panthers	ret44u	game	falcons
12-12-2021-bengals	rexg61	game	bengals
12-12-2021-bengals	rexg60	game	49ers
12-12-2021-browns	retqqx	game	browns
12-12-2021-browns	retqr2	game	ravens
12-12-2021-broncos	rexny9	game	broncos
12-12-2021-broncos	revggv	game	lions
12-12-2021-packers	rf3276	game	packers
12-12-2021-packers	rf33hd	game	bears
12-12-2021-texans	ret44b	game	texans
12-12-2021-texans	retsje	game	seahawks
12-12-2021-chiefs	ret42c	game	chiefs
12-12-2021-chiefs	ret43y	game	raiders
12-12-2021-chargers	rex1g2	game	chargers
12-12-2021-chargers	rex1g5	game	giants
12-12-2021-jets	ret43g	game	jets
12-12-2021-jets	reu9x7	game	saints
12-12-2021-buccaneers	rexgcj	game	buccaneers
12-12-2021-buccaneers	reye24	game	bills
12-12-2021-titans	reu9kb	game	titans
12-12-2021-titans	reu2gg	game	jaguars
12-12-2021-commanders	ret45h	game	commanders
12-12-2021-commanders	reufpx	game	cowboys
12-13-2021-cardinals	rfujw5	game	cardinals
12-13-2021-cardinals	rfu8lz	game	rams
12-16-2021-chargers	ri48jl	game	chargers
12-16-2021-chargers	ri48jw	game	chiefs
12-18-2021-colts	rjkse4	game	colts
12-18-2021-colts	rjka12	game	patriots
12-19-2021-ravens	rk5isk	game	ravens
12-19-2021-ravens	rk5mur	game	packers
12-19-2021-bills	rk1pac	game	bills
12-19-2021-bills	rk1pag	game	panthers
12-19-2021-broncos	rk5anj	game	broncos
12-19-2021-broncos	rk4ijn	game	bengals
12-19-2021-lions	rk0set	game	lions
12-19-2021-lions	rk1jkc	game	cardinals
12-19-2021-jaguars	rk1r3z	game	jaguars
12-19-2021-jaguars	rk0s2h	game	texans
12-19-2021-dolphins	rk0sx2	game	dolphins
12-19-2021-dolphins	rk0s2y	game	jets
12-19-2021-giants	rk0s3e	game	giants
12-19-2021-giants	rjwn0t	game	cowboys
12-19-2021-steelers	rk0s20	game	steelers
12-19-2021-steelers	rk1vxc	game	titans
12-19-2021-49ers	rk4ijq	game	49ers
12-19-2021-49ers	rk4ijt	game	falcons
12-19-2021-buccaneers	rk9ue9	game	buccaneers
12-19-2021-buccaneers	rkanar	game	saints
12-20-2021-bears	rl1zws	game	bears
12-20-2021-bears	rl1cue	game	vikings
12-20-2021-browns	rky8l4	game	browns
12-20-2021-browns	rkx110	game	raiders
12-21-2021-rams	rlqk1m	game	rams
12-21-2021-rams	rlrl3b	game	seahawks
12-21-2021-eagles	rlrhnv	game	eagles
12-21-2021-eagles	rlqk38	game	commanders
12-23-2021-titans	rnae7m	game	titans
12-23-2021-titans	rn9dgc	game	49ers
12-25-2021-cardinals	rolagm	game	cardinals
12-25-2021-cardinals	rolbze	game	colts
12-25-2021-packers	rohjhd	game	packers
12-25-2021-packers	rohei3	game	browns
12-26-2021-falcons	rp0v94	game	falcons
12-26-2021-falcons	rp0v6k	game	lions
12-26-2021-panthers	rp0v2o	game	buccaneers
12-26-2021-bengals	rp0v66	game	bengals
12-26-2021-bengals	rp1cii	game	ravens
12-26-2021-cowboys	rp05qa	game	cowboys
12-26-2021-cowboys	rp9sqm	game	commanders
12-26-2021-texans	rp0uup	game	texans
12-26-2021-texans	rp0uzq	game	chargers
12-26-2021-chiefs	rp4yh7	game	chiefs
12-26-2021-chiefs	rp4yh9	game	steelers
12-26-2021-raiders	rp4yh5	game	raiders
12-26-2021-raiders	rp62c1	game	broncos
12-26-2021-vikings	rp0yhp	game	vikings
12-26-2021-vikings	rp0uym	game	rams
12-26-2021-patriots	rp0u4q	game	patriots
12-26-2021-patriots	rp1t2r	game	bills
12-26-2021-jets	rp0v88	game	jets
12-26-2021-jets	rp1trq	game	jaguars
12-26-2021-eagles	rp1t0k	game	eagles
12-26-2021-eagles	rp0v4v	game	giants
12-26-2021-seahawks	rp54m7	game	seahawks
12-26-2021-seahawks	rp5966	game	bears
12-27-2021-saints	rq2dzl	game	saints
12-27-2021-saints	rq1hhs	game	dolphins
1-2-2022-ravens	ruej8t	game	ravens
1-2-2022-ravens	rudujm	game	rams
1-2-2022-bills	ruevjl	game	bills
1-2-2022-bills	rudupx	game	falcons
1-2-2022-bears	ruerbg	game	bears
1-2-2022-bears	rudulf	game	giants
1-2-2022-bengals	ruduk9	game	bengals
1-2-2022-bengals	rudul4	game	chiefs
1-2-2022-cowboys	ru9js4	game	cowboys
1-2-2022-cowboys	rujcqa	game	cardinals
1-2-2022-packers	ruon3m	game	packers
1-2-2022-packers	runoc6	game	vikings
1-2-2022-colts	rueeww	game	colts
1-2-2022-colts	ruduij	game	raiders
1-2-2022-chargers	rui1fl	game	chargers
1-2-2022-chargers	ruixmr	game	broncos
1-2-2022-patriots	rudtpx	game	patriots
1-2-2022-patriots	rueupm	game	jaguars
1-2-2022-saints	rujonk	game	saints
1-2-2022-saints	rujalh	game	panthers
1-2-2022-jets	rudukm	game	jets
1-2-2022-jets	ruduse	game	buccaneers
1-2-2022-49ers	rui1fq	game	49ers
1-2-2022-49ers	rui1fm	game	texans
1-2-2022-seahawks	ruj9g8	game	seahawks
1-2-2022-seahawks	ruhxgj	game	lions
1-2-2022-titans	ruf6qy	game	titans
1-2-2022-titans	rue4rq	game	dolphins
1-2-2022-commanders	rudunb	game	commanders
1-2-2022-commanders	ruew5i	game	eagles
1-3-2022-steelers	rvg9um	game	steelers
1-3-2022-steelers	rvh8oe	game	browns
1-8-2022-broncos	rz9r3e	game	broncos
1-8-2022-broncos	rz96nq	game	chiefs
1-8-2022-eagles	rzfa35	game	eagles
1-8-2022-eagles	rz0odi	game	cowboys
1-9-2022-cardinals	s01d2a	game	cardinals
1-9-2022-cardinals	s01kef	game	seahawks
1-9-2022-falcons	s00mfb	game	falcons
1-9-2022-falcons	rzzsl1	game	saints
1-9-2022-ravens	rzwph5	game	ravens
1-9-2022-ravens	rzvzvq	game	steelers
1-9-2022-bills	s01o6f	game	bills
1-9-2022-bills	s00mf2	game	jets
1-9-2022-browns	rzwy26	game	browns
1-9-2022-browns	rzvzxd	game	bengals
1-9-2022-lions	rzw0aj	game	lions
1-9-2022-lions	rzx023	game	packers
1-9-2022-texans	rzvzx1	game	texans
1-9-2022-texans	rzx826	game	titans
1-9-2022-jaguars	rzx1gy	game	jaguars
1-9-2022-jaguars	rzw54i	game	colts
1-9-2022-raiders	s05wo8	game	raiders
1-9-2022-raiders	s05wnp	game	chargers
1-9-2022-rams	s00mf3	game	rams
1-9-2022-rams	s00mf8	game	49ers
1-9-2022-dolphins	s00o6w	game	dolphins
1-9-2022-dolphins	s00llt	game	patriots
1-9-2022-vikings	rzw11n	game	vikings
1-9-2022-vikings	rzx0c2	game	bears
1-9-2022-giants	rzvzv7	game	giants
1-9-2022-giants	rzvzz0	game	commanders
1-9-2022-buccaneers	rzw05i	game	buccaneers
1-15-2022-bills	s4l8xn	game	bills
1-15-2022-bills	s4yfby	game	patriots
1-15-2022-bengals	s4tfxk	game	bengals
1-15-2022-bengals	s4tfxy	game	raiders
1-16-2022-cowboys	s5hene	game	cowboys
1-16-2022-cowboys	s5krtl	game	49ers
1-16-2022-chiefs	s5prqi	game	chiefs
1-16-2022-chiefs	s5prqn	game	steelers
1-16-2022-buccaneers	s5fwrg	game	buccaneers
1-16-2022-buccaneers	s5h30d	game	eagles
1-17-2022-rams	s6jb9x	game	rams
1-17-2022-rams	s6k1dp	game	cardinals
1-22-2022-packers	sah8rz	game	packers
1-22-2022-packers	sag7hw	game	49ers
1-22-2022-titans	sacnc2	game	titans
1-22-2022-titans	sabcxo	game	bengals
1-23-2022-chiefs	sb5v7a	game	chiefs
1-23-2022-chiefs	sb6jne	game	bills
1-23-2022-buccaneers	sb0opz	game	buccaneers
1-23-2022-buccaneers	sb0yee	game	rams
1-30-2022-chiefs	sgg2xz	game	chiefs
1-30-2022-chiefs	sgg2xj	game	bengals
1-30-2022-rams	sgkurl	game	rams
1-30-2022-rams	sgkus2	game	49ers
2-13-2022-bengals	srxujf	game	bengals
2-13-2022-bengals	sruvzl	game	rams
9-8-2022-rams	x9f2c6	game	rams
9-8-2022-rams	x9gwgf	game	bills
9-11-2022-cardinals	xbs6co	game	cardinals
9-11-2022-cardinals	xbr7uu	game	chiefs
9-11-2022-falcons	xbm76z	game	falcons
9-11-2022-falcons	xblqhk	game	saints
9-11-2022-panthers	xbmrln	game	panthers
9-11-2022-panthers	xbn6ks	game	browns
9-11-2022-bears	xbnazb	game	bears
9-11-2022-bears	xbm6z6	game	49ers
9-11-2022-bengals	xbm6xz	game	bengals
9-11-2022-bengals	xbm6vz	game	steelers
9-11-2022-cowboys	xbfo45	game	cowboys
9-11-2022-cowboys	xbwx3a	game	buccaneers
9-11-2022-lions	xbkr2y	game	lions
9-11-2022-lions	xbnaya	game	eagles
9-11-2022-texans	xbm6wp	game	texans
9-11-2022-texans	xbm2oc	game	colts
9-11-2022-chargers	xbr7v8	game	chargers
9-11-2022-chargers	xbr7wa	game	raiders
9-11-2022-dolphins	xbm7a0	game	dolphins
9-11-2022-dolphins	xbm61n	game	patriots
9-11-2022-vikings	xbqxki	game	vikings
9-11-2022-vikings	xbscf8	game	packers
9-11-2022-jets	xbm6x0	game	jets
9-11-2022-jets	xbmx29	game	ravens
9-11-2022-titans	xbspqw	game	titans
9-11-2022-titans	xbr7vr	game	giants
9-11-2022-commanders	xbm73r	game	commanders
9-11-2022-commanders	xbn35d	game	jaguars
9-12-2022-seahawks	xcrq21	game	seahawks
9-12-2022-seahawks	xcs4ww	game	broncos
9-15-2022-chiefs	xfb04f	game	chiefs
9-15-2022-chiefs	xfb04e	game	chargers
9-18-2022-ravens	xhl3r0	game	ravens
9-18-2022-ravens	xhki3r	game	dolphins
9-18-2022-browns	xhlexy	game	browns
9-18-2022-browns	xhkekg	game	jets
9-18-2022-cowboys	xhdq07	game	cowboys
9-18-2022-cowboys	xhplf8	game	bengals
9-18-2022-broncos	xhqeu2	game	broncos
9-18-2022-broncos	xhplf4	game	texans
9-18-2022-lions	xhh4co	game	lions
9-18-2022-lions	xhkenx	game	commanders
9-18-2022-packers	xhwpf4	game	packers
9-18-2022-packers	xhw7u2	game	bears
9-18-2022-jaguars	xhl3xq	game	jaguars
9-18-2022-jaguars	xhkjjs	game	colts
9-18-2022-raiders	xhplfa	game	raiders
9-18-2022-raiders	xhquhe	game	cardinals
9-18-2022-rams	xhp3hu	game	rams
9-18-2022-rams	xhp3hz	game	falcons
9-18-2022-saints	xhlc2b	game	saints
9-18-2022-saints	xhketr	game	buccaneers
9-18-2022-giants	xhkeko	game	giants
9-18-2022-giants	xhiyv4	game	panthers
9-18-2022-steelers	xhkejv	game	steelers
9-18-2022-steelers	xhkdm7	game	patriots
9-18-2022-49ers	xhp3hv	game	49ers
9-18-2022-49ers	xhpq07	game	seahawks
9-19-2022-bills	xi9zvt	game	bills
9-19-2022-bills	xirwoi	game	titans
9-19-2022-eagles	xitesl	game	eagles
9-19-2022-eagles	xirzz7	game	vikings
9-22-2022-browns	xlh59e	game	browns
9-22-2022-browns	xlgkyr	game	steelers
9-25-2022-cardinals	xnxfm2	game	cardinals
9-25-2022-cardinals	xnwhkr	game	rams
9-25-2022-panthers	xnrq4b	game	panthers
9-25-2022-panthers	xnskep	game	saints
9-25-2022-bears	xnsdpq	game	bears
9-25-2022-bears	xnr6t3	game	texans
9-25-2022-broncos	xo2xf4	game	broncos
9-25-2022-broncos	xo2afg	game	49ers
9-25-2022-colts	xnsamc	game	colts
9-25-2022-colts	xnr6s8	game	chiefs
9-25-2022-chargers	xnvz7p	game	chargers
9-25-2022-chargers	xnxahy	game	jaguars
9-25-2022-dolphins	xnr771	game	dolphins
9-25-2022-dolphins	xnlfbk	game	bills
9-25-2022-vikings	xnrj5q	game	vikings
9-25-2022-vikings	xnqf05	game	lions
9-25-2022-patriots	xnr5se	game	patriots
9-25-2022-patriots	xnryzn	game	ravens
9-25-2022-jets	xnr6rt	game	jets
9-25-2022-jets	xnr6tj	game	bengals
9-25-2022-seahawks	xnx9is	game	seahawks
9-25-2022-seahawks	xnwhks	game	falcons
9-25-2022-buccaneers	xnwhqp	game	buccaneers
9-25-2022-buccaneers	xnxwkx	game	packers
9-25-2022-titans	xnr5x4	game	titans
9-25-2022-titans	xnr6r7	game	raiders
9-25-2022-commanders	xnr70a	game	commanders
9-25-2022-commanders	xnscxc	game	eagles
9-26-2022-giants	xoz9be	game	giants
9-26-2022-giants	xog9do	game	cowboys
9-29-2022-bengals	xrlxur	game	bengals
9-29-2022-bengals	xrlmfm	game	dolphins
10-2-2022-falcons	xtsbm6	game	falcons
10-2-2022-falcons	xtth8q	game	browns
10-2-2022-ravens	xtt49z	game	ravens
10-2-2022-ravens	xtn0z3	game	bills
10-2-2022-panthers	xtxpr5	game	panthers
10-2-2022-panthers	xtxnha	game	cardinals
10-2-2022-cowboys	xtlyml	game	cowboys
10-2-2022-cowboys	xtsbpl	game	commanders
10-2-2022-lions	xtrm15	game	lions
10-2-2022-lions	xtsbps	game	seahawks
10-2-2022-packers	xtz0pw	game	packers
10-2-2022-packers	xtxcj6	game	patriots
10-2-2022-texans	xtsbeo	game	texans
10-2-2022-texans	xtsbcu	game	chargers
10-2-2022-colts	xttot5	game	colts
10-2-2022-colts	xtttgm	game	titans
10-2-2022-raiders	xtxdfo	game	raiders
10-2-2022-raiders	xtxdkz	game	broncos
10-2-2022-saints	xtomsy	game	saints
10-2-2022-saints	xtnm8j	game	vikings
10-2-2022-giants	xtsbh2	game	giants
10-2-2022-giants	xttco4	game	bears
10-2-2022-eagles	xttfpg	game	eagles
10-2-2022-eagles	xttdsx	game	jaguars
10-2-2022-steelers	xtsbed	game	steelers
10-2-2022-steelers	xtsbdg	game	jets
10-2-2022-buccaneers	xu30dj	game	buccaneers
10-2-2022-buccaneers	xu30a4	game	chiefs
10-3-2022-49ers	xuykz0	game	49ers
10-3-2022-49ers	xuykz1	game	rams
10-6-2022-broncos	xxjagq	game	broncos
10-6-2022-broncos	xxjx01	game	colts
10-9-2022-cardinals	xzv6yh	game	cardinals
10-9-2022-cardinals	xzv02x	game	eagles
10-9-2022-ravens	xzzvux	game	ravens
10-9-2022-ravens	xzzc8m	game	bengals
10-9-2022-bills	xzjxqt	game	bills
10-9-2022-bills	xzp3iz	game	steelers
10-9-2022-panthers	xzrnhf	game	panthers
10-9-2022-panthers	xzth5u	game	49ers
10-9-2022-browns	xzp3hl	game	chargers
10-9-2022-packers	xzl4mx	game	packers
10-9-2022-packers	xzki2c	game	giants
10-9-2022-jaguars	xzpr1u	game	jaguars
10-9-2022-jaguars	xzp3jq	game	texans
10-9-2022-rams	xzty2a	game	rams
10-9-2022-rams	xziyxw	game	cowboys
10-9-2022-vikings	xzp5cb	game	vikings
10-9-2022-vikings	xzq1js	game	bears
10-9-2022-patriots	xzp2o3	game	patriots
10-9-2022-saints	xzqgq7	game	saints
10-9-2022-saints	xzpswe	game	seahawks
10-9-2022-jets	xzp3kc	game	jets
10-9-2022-jets	xzp87t	game	dolphins
10-9-2022-buccaneers	xzp3pw	game	buccaneers
10-9-2022-buccaneers	xzp3n6	game	falcons
10-9-2022-commanders	xzp3oa	game	commanders
10-9-2022-commanders	xzqh90	game	titans
10-10-2022-chiefs	y0t3u7	game	chiefs
10-10-2022-chiefs	y0t3ua	game	raiders
10-13-2022-bears	y3ebbb	game	bears
10-13-2022-bears	y3da84	game	commanders
10-16-2022-falcons	y5kdlu	game	falcons
10-16-2022-falcons	y5kdan	game	49ers
10-16-2022-browns	y5l29g	game	browns
10-16-2022-browns	y5kcd6	game	patriots
10-16-2022-packers	y5ljqd	game	packers
10-16-2022-packers	y5kdcc	game	jets
10-16-2022-colts	y5lliv	game	colts
10-16-2022-colts	y5lb2l	game	jaguars
10-16-2022-chiefs	y5pfnt	game	chiefs
10-16-2022-chiefs	y5f3jf	game	bills
10-16-2022-rams	y5oxi4	game	rams
10-16-2022-rams	y5l9vr	game	panthers
10-16-2022-dolphins	y5kddd	game	dolphins
10-16-2022-dolphins	y5klis	game	vikings
10-16-2022-saints	y5lijk	game	saints
10-16-2022-saints	y5kdbo	game	bengals
10-16-2022-giants	y5kdco	game	giants
10-16-2022-giants	y5l3yw	game	ravens
10-16-2022-eagles	y5w0gu	game	eagles
10-16-2022-eagles	y5go8p	game	cowboys
10-16-2022-steelers	y5kdbd	game	steelers
10-16-2022-steelers	y5kdj7	game	buccaneers
10-16-2022-seahawks	y5poa2	game	seahawks
10-16-2022-seahawks	y5phl2	game	cardinals
10-17-2022-chargers	y6pxrl	game	chargers
10-17-2022-chargers	y6pxw6	game	broncos
10-20-2022-cardinals	y9dkvu	game	cardinals
10-20-2022-cardinals	y9e7z3	game	saints
10-23-2022-ravens	ybmrzv	game	ravens
10-23-2022-ravens	ybm286	game	browns
10-23-2022-panthers	yblcw2	game	buccaneers
10-23-2022-bengals	yblcmj	game	bengals
10-23-2022-bengals	yblcnm	game	falcons
10-23-2022-cowboys	ybeykt	game	cowboys
10-23-2022-cowboys	ybhrrs	game	lions
10-23-2022-broncos	ybpxas	game	broncos
10-23-2022-broncos	ybq1n9	game	jets
10-23-2022-jaguars	ybmv44	game	jaguars
10-23-2022-jaguars	yblcm1	game	giants
10-23-2022-raiders	ybq1n4	game	raiders
10-23-2022-raiders	ybq1n3	game	texans
10-23-2022-chargers	ybqjnm	game	chargers
10-23-2022-chargers	ybr9w8	game	seahawks
10-23-2022-dolphins	ybw89e	game	dolphins
10-23-2022-dolphins	ybvyto	game	steelers
10-23-2022-49ers	ybqjno	game	49ers
10-23-2022-49ers	ybqjnp	game	chiefs
10-23-2022-titans	ybmzf5	game	titans
10-23-2022-titans	yblqi2	game	colts
10-23-2022-commanders	yblcqc	game	commanders
10-23-2022-commanders	ybmfbk	game	packers
10-24-2022-patriots	ycploz	game	patriots
10-24-2022-patriots	ycqjv6	game	bears
10-27-2022-buccaneers	yf6r20	game	buccaneers
10-27-2022-buccaneers	yf6oa6	game	ravens
10-30-2022-falcons	yhhtzw	game	falcons
10-30-2022-bills	yhck62	game	bills
10-30-2022-cowboys	yhbqwu	game	cowboys
10-30-2022-cowboys	yhisr6	game	bears
10-30-2022-lions	yhgf44	game	lions
10-30-2022-lions	yhhyh2	game	dolphins
10-30-2022-texans	yhmwk8	game	texans
10-30-2022-texans	yhodvo	game	titans
10-30-2022-colts	yhoa6w	game	colts
10-30-2022-colts	yhneh4	game	commanders
10-30-2022-jaguars	yhe2c5	game	jaguars
10-30-2022-jaguars	yhd4fn	game	broncos
10-30-2022-rams	yhnegw	game	rams
10-30-2022-rams	yhnegz	game	49ers
10-30-2022-vikings	yhhxuq	game	vikings
10-30-2022-vikings	yhjbkf	game	cardinals
10-30-2022-saints	yhj038	game	saints
10-30-2022-saints	yhhtw7	game	raiders
10-30-2022-jets	yhhtwo	game	jets
10-30-2022-jets	yhhszo	game	patriots
10-30-2022-eagles	yhj0oc	game	eagles
10-30-2022-eagles	yhhtvf	game	steelers
10-30-2022-seahawks	yho5id	game	seahawks
10-30-2022-seahawks	yhneh1	game	giants
10-31-2022-browns	yisq73	game	browns
10-31-2022-browns	yis1y8	game	bengals
11-3-2022-texans	yli31r	game	texans
11-3-2022-texans	ylj5rc	game	eagles
11-6-2022-cardinals	yo1qdq	game	cardinals
11-6-2022-cardinals	yo1vpq	game	seahawks
11-6-2022-falcons	ynvs08	game	falcons
11-6-2022-falcons	ynvrv5	game	chargers
11-6-2022-bears	ynwsf3	game	bears
11-6-2022-bears	ynvs2p	game	dolphins
11-6-2022-bengals	ynvrx9	game	bengals
11-6-2022-lions	ynryoi	game	lions
11-6-2022-lions	ynwyan	game	packers
11-6-2022-jaguars	ynx017	game	jaguars
11-6-2022-jaguars	ynvryo	game	raiders
11-6-2022-chiefs	yo7gat	game	chiefs
11-6-2022-chiefs	yo8n7h	game	titans
11-6-2022-patriots	ynvqr9	game	patriots
11-6-2022-patriots	ynw7kc	game	colts
11-6-2022-jets	ynvrzr	game	jets
11-6-2022-jets	ynpbeb	game	bills
11-6-2022-buccaneers	yo1lcf	game	buccaneers
11-6-2022-buccaneers	yo1l6j	game	rams
11-6-2022-commanders	ynvs3g	game	commanders
11-6-2022-commanders	ynvz9g	game	vikings
11-7-2022-saints	yp6sru	game	saints
11-7-2022-saints	yp6a3p	game	ravens
11-10-2022-panthers	yrqzmx	game	panthers
11-10-2022-panthers	yrw553	game	falcons
11-13-2022-bills	yu7a6f	game	vikings
11-13-2022-bears	yu8etp	game	bears
11-13-2022-bears	yu6ww6	game	lions
11-13-2022-packers	yueh1h	game	packers
11-13-2022-packers	ytzzzc	game	cowboys
11-13-2022-chiefs	yu7cu5	game	chiefs
11-13-2022-chiefs	yu8jvl	game	jaguars
11-13-2022-raiders	yuceub	game	raiders
11-13-2022-raiders	yucf0u	game	colts
11-13-2022-rams	yud0as	game	rams
11-13-2022-rams	yudy4f	game	cardinals
11-13-2022-dolphins	yu7asp	game	dolphins
11-13-2022-dolphins	yu8ogw	game	browns
11-13-2022-giants	yu7cv5	game	giants
11-13-2022-giants	yu7ctn	game	texans
11-13-2022-steelers	yu7cum	game	steelers
11-13-2022-steelers	yu8tto	game	saints
11-13-2022-49ers	yujlhm	game	49ers
11-13-2022-49ers	yujlh5	game	chargers
11-13-2022-buccaneers	ytwq9l	game	buccaneers
11-13-2022-buccaneers	yu2gtk	game	seahawks
11-13-2022-titans	yua555	game	titans
11-13-2022-titans	yu7d8y	game	broncos
11-14-2022-eagles	yviap6	game	eagles
11-14-2022-eagles	yvhapi	game	commanders
11-17-2022-packers	yy6rgb	game	packers
11-17-2022-packers	yy750k	game	titans
11-20-2022-falcons	z094c3	game	falcons
11-20-2022-falcons	z0a9lp	game	bears
11-20-2022-ravens	z09nmu	game	ravens
11-20-2022-ravens	z09sla	game	panthers
11-20-2022-bills	z03jdi	game	bills
11-20-2022-bills	z09y86	game	browns
11-20-2022-broncos	z0f98a	game	broncos
11-20-2022-broncos	z0drb9	game	raiders
11-20-2022-texans	z0946k	game	texans
11-20-2022-texans	z0949n	game	commanders
11-20-2022-colts	z09i9j	game	colts
11-20-2022-colts	z0a9on	game	eagles
11-20-2022-chargers	z0k2nx	game	chargers
11-20-2022-chargers	z0k2o8	game	chiefs
11-20-2022-vikings	z0e0ts	game	vikings
11-20-2022-vikings	z02pdt	game	cowboys
11-20-2022-patriots	z0937l	game	patriots
11-20-2022-patriots	z0946u	game	jets
11-20-2022-saints	z0a8wd	game	saints
11-20-2022-saints	z0948p	game	rams
11-20-2022-giants	z0945q	game	giants
11-20-2022-giants	z07tr3	game	lions
11-20-2022-steelers	z0e9cn	game	steelers
11-20-2022-steelers	z0e9cx	game	bengals
11-21-2022-cardinals	z1eyw3	game	49ers
11-24-2022-cowboys	z3i921	game	cowboys
11-24-2022-cowboys	z3tuao	game	giants
11-24-2022-lions	z3i5ix	game	lions
11-24-2022-lions	z3jcbt	game	bills
11-24-2022-vikings	z3yb3a	game	vikings
11-24-2022-vikings	z3yvm6	game	patriots
11-27-2022-cardinals	z6c088	game	cardinals
11-27-2022-cardinals	z6b1l1	game	chargers
11-27-2022-panthers	z66v5m	game	panthers
11-27-2022-panthers	z67v28	game	broncos
11-27-2022-browns	z6773r	game	browns
11-27-2022-browns	z66aeu	game	buccaneers
11-27-2022-jaguars	z67hrw	game	jaguars
11-27-2022-jaguars	z67rgt	game	ravens
11-27-2022-chiefs	z6bk8w	game	chiefs
11-27-2022-chiefs	z6bk8u	game	rams
11-27-2022-dolphins	z66epx	game	dolphins
11-27-2022-dolphins	z66a75	game	texans
11-27-2022-jets	z66a7g	game	jets
11-27-2022-jets	z67ixw	game	bears
11-27-2022-eagles	z6igf6	game	eagles
11-27-2022-eagles	z6i1je	game	packers
11-27-2022-49ers	z6bk8y	game	49ers
11-27-2022-49ers	z6cvjf	game	saints
11-27-2022-seahawks	z6btna	game	seahawks
11-27-2022-seahawks	z6b1l2	game	raiders
11-27-2022-titans	z67tqp	game	titans
11-27-2022-titans	z66a61	game	bengals
11-27-2022-commanders	z66a9x	game	commanders
11-27-2022-commanders	z66a82	game	falcons
11-28-2022-colts	z7ecmb	game	colts
11-28-2022-colts	z7dmd8	game	steelers
12-1-2022-patriots	za50kj	game	patriots
12-1-2022-patriots	z9n9hu	game	bills
12-4-2022-falcons	zcexwq	game	falcons
12-4-2022-falcons	zcexoz	game	steelers
12-4-2022-ravens	zcfwug	game	ravens
12-4-2022-ravens	zcgkdb	game	broncos
12-4-2022-bears	zcg28h	game	bears
12-4-2022-bears	zcg83n	game	packers
12-4-2022-bengals	zckj53	game	bengals
12-4-2022-bengals	zckj54	game	chiefs
12-4-2022-cowboys	zc85kn	game	cowboys
12-4-2022-cowboys	zcqpgz	game	colts
12-4-2022-lions	zcg67j	game	jaguars
12-4-2022-texans	zcexoi	game	texans
12-4-2022-texans	zcfpl1	game	browns
12-4-2022-raiders	zckj57	game	raiders
12-4-2022-raiders	zckj52	game	chargers
12-4-2022-rams	zcjzg6	game	rams
12-4-2022-rams	zckt86	game	seahawks
12-4-2022-vikings	zcetuk	game	vikings
12-4-2022-vikings	zcexpw	game	jets
12-4-2022-giants	zcexny	game	giants
12-4-2022-giants	zcexvj	game	commanders
12-4-2022-eagles	zcg5fy	game	eagles
12-4-2022-eagles	zcgizr	game	titans
12-4-2022-49ers	zcjzg8	game	49ers
12-4-2022-49ers	zcjxlp	game	dolphins
12-5-2022-buccaneers	zdowew	game	buccaneers
12-5-2022-buccaneers	zdqery	game	saints
12-8-2022-rams	zggz2k	game	rams
12-8-2022-rams	zggz2m	game	raiders
12-11-2022-bills	ziqzfo	game	bills
12-11-2022-bills	zizm51	game	jets
12-11-2022-bengals	zizm5j	game	bengals
12-11-2022-bengals	zj0twv	game	browns
12-11-2022-cowboys	zipr7z	game	cowboys
12-11-2022-cowboys	zizm3j	game	texans
12-11-2022-broncos	zj8w0x	game	broncos
12-11-2022-broncos	zj6c0q	game	chiefs
12-11-2022-lions	zit3a2	game	lions
12-11-2022-lions	ziznyp	game	vikings
12-11-2022-chargers	zjg36s	game	chargers
12-11-2022-chargers	zjgmhy	game	dolphins
12-11-2022-giants	zizm3w	game	giants
12-11-2022-giants	zj19iu	game	eagles
12-11-2022-steelers	zizm2a	game	steelers
12-11-2022-steelers	zj0qyg	game	ravens
12-11-2022-49ers	zj75kf	game	49ers
12-11-2022-49ers	zj75tl	game	buccaneers
12-11-2022-seahawks	zj8gpk	game	seahawks
12-11-2022-titans	zj1rsb	game	titans
12-11-2022-titans	zj1at5	game	jaguars
12-12-2022-cardinals	zkhfan	game	cardinals
12-12-2022-cardinals	zkgjla	game	patriots
12-15-2022-seahawks	zn1lzj	game	seahawks
12-15-2022-seahawks	zn0yjb	game	49ers
12-18-2022-bills	zomvuf	game	bills
12-18-2022-bills	zoknlc	game	dolphins
12-18-2022-panthers	zp30dk	game	steelers
12-18-2022-bears	zp3xau	game	bears
12-18-2022-bears	zp3xhj	game	eagles
12-18-2022-browns	zog8rp	game	browns
12-18-2022-browns	zog3gd	game	ravens
12-18-2022-broncos	zp8dvo	game	broncos
12-18-2022-broncos	zp7uv3	game	cardinals
12-18-2022-texans	zp30dw	game	texans
12-18-2022-texans	zp30d3	game	chiefs
12-18-2022-jaguars	zp3ylp	game	jaguars
12-18-2022-jaguars	zox67c	game	cowboys
12-18-2022-raiders	zp6zwv	game	raiders
12-18-2022-raiders	zp6z4w	game	patriots
12-18-2022-chargers	zp7gk8	game	chargers
12-18-2022-chargers	zp8ujn	game	titans
12-17-2022-vikings	zoayna	game	vikings
12-18-2022-saints	zp3zfi	game	saints
12-18-2022-saints	zp30e7	game	falcons
12-18-2022-jets	zp30cu	game	jets
12-18-2022-jets	zoy3ms	game	lions
12-18-2022-buccaneers	zp7goq	game	buccaneers
12-18-2022-buccaneers	zp7gk5	game	bengals
12-18-2022-commanders	zpcr0v	game	commanders
12-18-2022-commanders	zpcqzn	game	giants
12-19-2022-packers	zq9iaf	game	packers
12-19-2022-packers	zq8dc3	game	rams
12-22-2022-jets	zt1fg1	game	jets
12-22-2022-jets	zt1vtv	game	jaguars
12-24-2022-ravens	zue4eh	game	ravens
12-24-2022-ravens	zudthn	game	falcons
12-24-2022-panthers	zudtcj	game	panthers
12-24-2022-panthers	zu9dbq	game	lions
12-24-2022-bears	zueo8b	game	bears
12-24-2022-bears	zu9d5y	game	bills
12-24-2022-browns	zuevnr	game	saints
12-24-2022-cowboys	zu8pqp	game	cowboys
12-24-2022-cowboys	zuiv6w	game	eagles
12-24-2022-chiefs	zudtdx	game	chiefs
12-24-2022-chiefs	zuefx0	game	seahawks
12-24-2022-vikings	zudlkt	game	vikings
12-24-2022-vikings	zudte5	game	giants
12-24-2022-patriots	zudsm9	game	patriots
12-24-2022-patriots	zudtd1	game	bengals
12-24-2022-steelers	zumefq	game	steelers
12-24-2022-steelers	zumefo	game	raiders
12-24-2022-49ers	zuhkzy	game	49ers
12-24-2022-49ers	zuhl00	game	commanders
12-24-2022-titans	zug7q6	game	titans
12-24-2022-titans	zudtey	game	texans
12-25-2022-cardinals	zvbb5f	game	cardinals
12-25-2022-cardinals	zvaiz2	game	buccaneers
12-25-2022-rams	zv5yuc	game	rams
12-25-2022-rams	zv75xv	game	broncos
12-25-2022-dolphins	zv1u9l	game	dolphins
12-25-2022-dolphins	zv2v0a	game	packers
12-26-2022-colts	zw0jse	game	colts
12-26-2022-colts	zw19wf	game	chargers
12-29-2022-titans	zymod7	game	titans
12-29-2022-titans	zy3t09	game	cowboys
1-1-2023-falcons	100nsw5	game	falcons
1-1-2023-falcons	100oxeo	game	cardinals
1-1-2023-ravens	100y427	game	ravens
1-1-2023-ravens	100y0p0	game	steelers
1-1-2023-lions	100otpb	game	bears
1-1-2023-packers	100tod1	game	packers
1-1-2023-packers	100sday	game	vikings
1-1-2023-texans	100nsng	game	texans
1-1-2023-texans	100p2qp	game	jaguars
1-1-2023-chiefs	100nsle	game	chiefs
1-1-2023-chiefs	100p55c	game	broncos
1-1-2023-raiders	100s0yf	game	raiders
1-1-2023-raiders	100s0yh	game	49ers
1-1-2023-chargers	100shmz	game	chargers
1-1-2023-chargers	100shn1	game	rams
1-1-2023-patriots	100nrt0	game	patriots
1-1-2023-patriots	100nt6j	game	dolphins
1-1-2023-giants	100nsm8	game	giants
1-1-2023-giants	100nt2g	game	colts
1-1-2023-eagles	100osmv	game	eagles
1-1-2023-eagles	100ov75	game	saints
1-1-2023-seahawks	100sq51	game	seahawks
1-1-2023-seahawks	100s0yg	game	jets
1-1-2023-buccaneers	100nsti	game	buccaneers
1-1-2023-buccaneers	100nsn7	game	panthers
1-1-2023-commanders	100nsre	game	commanders
1-1-2023-commanders	100omo8	game	browns
1-3-2023-bengals	101sth0	game	bengals
1-3-2023-bengals	101c27x	game	bills
1-8-2023-falcons	106o2ue	game	falcons
1-8-2023-falcons	106nt6h	game	buccaneers
1-8-2023-bills	106ip1o	game	bills
1-8-2023-bills	106o1ov	game	patriots
1-8-2023-bears	106pa2t	game	bears
1-8-2023-bears	106nzme	game	vikings
1-8-2023-bengals	106o2ng	game	bengals
1-8-2023-bengals	106ou6v	game	ravens
1-8-2023-broncos	106urx4	game	broncos
1-8-2023-broncos	106t8ta	game	chargers
1-8-2023-packers	10705ga	game	packers
1-8-2023-packers	106yonl	game	lions
1-8-2023-colts	106o2pm	game	texans
1-8-2023-jaguars	10650f2	game	jaguars
1-8-2023-jaguars	1065lmy	game	titans
1-8-2023-raiders	105yt3p	game	raiders
1-8-2023-raiders	105yt4i	game	chiefs
1-8-2023-dolphins	106p7ib	game	dolphins
1-8-2023-dolphins	106o2mj	game	jets
1-8-2023-saints	106p9fc	game	saints
1-8-2023-saints	106o2on	game	panthers
1-8-2023-eagles	106udpv	game	eagles
1-8-2023-eagles	106t8t3	game	giants
1-8-2023-steelers	106o2nw	game	steelers
1-8-2023-49ers	106t8t4	game	49ers
1-8-2023-49ers	106ufyq	game	cardinals
1-8-2023-seahawks	106u014	game	seahawks
1-8-2023-seahawks	106t8t2	game	rams
1-8-2023-commanders	106t8tb	game	commanders
1-8-2023-commanders	106hqsg	game	cowboys
1-14-2023-49ers	10byih8	game	49ers
1-14-2023-49ers	10bz942	game	seahawks
1-14-2023-jaguars	10c5xd6	game	jaguars
1-14-2023-jaguars	10c55fp	game	chargers
1-15-2023-bills	10cnebo	game	dolphins
1-15-2023-vikings	10cu0l6	game	giants
1-16-2023-bengals	10czlqn	game	bengals
1-16-2023-bengals	10czyty	game	ravens
1-16-2023-buccaneers	10dx160	game	buccaneers
1-16-2023-buccaneers	10dd66y	game	cowboys
1-21-2023-chiefs	10i0tej	game	chiefs
1-21-2023-chiefs	10i1ubl	game	jaguars
1-21-2023-eagles	10i6vus	game	eagles
1-21-2023-eagles	10i5xrv	game	giants
1-22-2023-bills	10ir6n1	game	bengals
1-22-2023-49ers	10iw9qx	game	49ers
1-22-2023-49ers	10iiebw	game	cowboys
1-29-2023-eagles	10ogjq1	game	eagles
1-29-2023-eagles	10ofep6	game	49ers
1-29-2023-chiefs	10okq6n	game	chiefs
1-29-2023-chiefs	10okq5w	game	bengals
2-12-2023-eagles	110t7zs	game	eagles
2-12-2023-eagles	110s7p3	game	chiefs
9-9-2021-buccaneers	pl96jn	post	buccaneers
9-9-2021-buccaneers	pldigc	post	cowboys
9-12-2021-falcons	pn06q2	post	falcons
9-12-2021-falcons	pn0744	post	eagles
9-12-2021-bills	pn0jva	post	bills
9-12-2021-bills	pn06iu	post	steelers
9-12-2021-panthers	pn0acd	post	panthers
9-12-2021-panthers	pn0a8j	post	jets
9-12-2021-bengals	pn0q76	post	bengals
9-12-2021-lions	pn0g7h	post	lions
9-12-2021-lions	pn0fg3	post	49ers
9-12-2021-texans	pn0igc	post	texans
9-12-2021-texans	pn0iu7	post	jaguars
9-12-2021-colts	pn0099	post	colts
9-12-2021-colts	pn0097	post	seahawks
9-12-2021-chiefs	pn3nks	post	chiefs
9-12-2021-chiefs	pn3ojs	post	browns
9-12-2021-rams	pn77b4	post	rams
9-12-2021-rams	pn77id	post	bears
9-12-2021-patriots	pn3iaa	post	patriots
9-12-2021-patriots	pn3i3j	post	dolphins
9-12-2021-saints	pn3hug	post	saints
9-12-2021-saints	pn3gbk	post	packers
9-12-2021-giants	pn3hn4	post	giants
9-12-2021-giants	pn3ic7	post	broncos
9-12-2021-titans	pnnzvh	post	titans
9-12-2021-titans	pn09hx	post	cardinals
9-12-2021-commanders	pmzy66	post	commanders
9-12-2021-commanders	pmzy8w	post	chargers
9-13-2021-raiders	pnvc2y	post	raiders
9-13-2021-raiders	pnvbbn	post	ravens
9-16-2021-commanders	ppslvb	post	commanders
9-16-2021-commanders	ppslwz	post	giants
9-19-2021-cardinals	privl8	post	cardinals
9-19-2021-ravens	prmnnd	post	ravens
9-19-2021-ravens	prmn57	post	chiefs
9-19-2021-panthers	prfhxh	post	panthers
9-19-2021-panthers	prfiab	post	saints
9-19-2021-bears	prf71z	post	bears
9-19-2021-bears	prf7sr	post	bengals
9-19-2021-browns	prfdgv	post	browns
9-19-2021-browns	prfbvg	post	texans
9-19-2021-colts	prf8mf	post	colts
9-19-2021-colts	prfaox	post	rams
9-19-2021-jaguars	prfezb	post	jaguars
9-19-2021-jaguars	prfgkv	post	broncos
9-19-2021-chargers	pritu5	post	chargers
9-19-2021-chargers	pritxf	post	cowboys
9-19-2021-dolphins	prfoiv	post	dolphins
9-19-2021-dolphins	prft3v	post	bills
9-19-2021-jets	prfaqi	post	jets
9-19-2021-jets	prfaw3	post	patriots
9-19-2021-eagles	prfcg2	post	eagles
9-19-2021-eagles	prfc36	post	49ers
9-19-2021-steelers	prfgx4	post	steelers
9-19-2021-steelers	prfgzu	post	raiders
9-19-2021-seahawks	prjde0	post	seahawks
9-19-2021-seahawks	prjdaf	post	titans
9-19-2021-buccaneers	prfjor	post	buccaneers
9-19-2021-buccaneers	prisns	post	falcons
9-20-2021-packers	psa926	post	packers
9-20-2021-packers	psaiw8	post	lions
9-23-2021-texans	pub774	post	texans
9-23-2021-texans	pub7vi	post	panthers
9-26-2021-bills	pw1axd	post	bills
9-26-2021-bills	pw1ayn	post	commanders
9-26-2021-browns	pw16wt	post	browns
9-26-2021-browns	pw15pi	post	bears
9-26-2021-broncos	pw4fqn	post	broncos
9-26-2021-broncos	pw4eca	post	jets
9-26-2021-lions	pw1en8	post	lions
9-26-2021-lions	pw1c9q	post	ravens
9-26-2021-jaguars	pw18hx	post	jaguars
9-26-2021-jaguars	pw18g8	post	cardinals
9-26-2021-chiefs	pw1c3r	post	chiefs
9-26-2021-chiefs	pw1c4n	post	chargers
9-26-2021-raiders	pw58qo	post	raiders
9-26-2021-raiders	pw59mq	post	dolphins
9-26-2021-rams	pw4xt4	post	rams
9-26-2021-rams	pw0hor	post	buccaneers
9-26-2021-vikings	pw4sp9	post	seahawks
9-26-2021-patriots	pw197x	post	patriots
9-26-2021-patriots	pw189e	post	saints
9-26-2021-giants	pw16y4	post	giants
9-26-2021-giants	pw16tw	post	falcons
9-26-2021-steelers	pw1e0n	post	steelers
9-26-2021-steelers	pw1ebl	post	bengals
9-26-2021-49ers	pw8ts0	post	49ers
9-26-2021-49ers	pw8vzp	post	packers
9-26-2021-titans	pw1808	post	titans
9-26-2021-titans	pw16ie	post	colts
9-27-2021-cowboys	pwxncs	post	cowboys
9-27-2021-cowboys	pwxkzm	post	eagles
9-30-2021-bengals	pyzhi7	post	bengals
9-30-2021-bengals	pyzhen	post	jaguars
10-3-2021-falcons	q0q3ka	post	falcons
10-3-2021-falcons	q0q37r	post	commanders
10-3-2021-bills	q0ppen	post	texans
10-3-2021-bears	q0pgrd	post	bears
10-3-2021-bears	q0pv7w	post	lions
10-3-2021-cowboys	q0pux9	post	cowboys
10-3-2021-cowboys	q0ps5b	post	panthers
10-3-2021-broncos	q0tezh	post	broncos
10-3-2021-broncos	q0tfaw	post	ravens
10-3-2021-packers	q0tgtg	post	packers
10-3-2021-packers	q0tfrh	post	steelers
10-3-2021-rams	q0t49d	post	rams
10-3-2021-rams	q0t50v	post	cardinals
10-3-2021-dolphins	q0pmtf	post	dolphins
10-3-2021-dolphins	q0pi1h	post	colts
10-3-2021-vikings	q0ppwt	post	browns
10-3-2021-patriots	q0xoeg	post	patriots
10-3-2021-patriots	q0tgg3	post	buccaneers
10-3-2021-saints	q0pt6u	post	saints
10-3-2021-saints	q0q3q7	post	giants
10-3-2021-jets	q0qhro	post	jets
10-3-2021-jets	q0qh0d	post	titans
10-3-2021-eagles	q0q3ak	post	chiefs
10-3-2021-49ers	q0t77v	post	49ers
10-3-2021-49ers	q0t6ry	post	seahawks
10-4-2021-chargers	q1mqyk	post	chargers
10-4-2021-chargers	q1mqxq	post	raiders
10-7-2021-seahawks	q3pea9	post	seahawks
10-7-2021-seahawks	q3peju	post	rams
10-10-2021-cardinals	q5jbf6	post	cardinals
10-10-2021-cardinals	q5jbp6	post	49ers
10-10-2021-falcons	q5bfjd	post	falcons
10-10-2021-falcons	q5bfku	post	jets
10-10-2021-panthers	q5fsrw	post	panthers
10-10-2021-panthers	q5fsyn	post	eagles
10-10-2021-bengals	q5fzib	post	bengals
10-10-2021-bengals	q5fz9j	post	packers
10-10-2021-cowboys	q5jiyb	post	cowboys
10-10-2021-cowboys	q5jiix	post	giants
10-10-2021-texans	q5fl1q	post	texans
10-10-2021-texans	q5fk1k	post	patriots
10-10-2021-jaguars	q5flcr	post	jaguars
10-10-2021-jaguars	q5flim	post	titans
10-10-2021-chiefs	q5o92d	post	chiefs
10-10-2021-chiefs	q5o8cy	post	bills
10-10-2021-raiders	q5j2e4	post	raiders
10-10-2021-raiders	q5j1tj	post	bears
10-10-2021-chargers	q5jb2s	post	chargers
10-10-2021-chargers	q5ja46	post	browns
10-10-2021-vikings	q5fran	post	lions
10-10-2021-steelers	q5fmzp	post	steelers
10-10-2021-steelers	q5fniy	post	broncos
10-10-2021-buccaneers	q5awsd	post	buccaneers
10-10-2021-buccaneers	q5fj7l	post	dolphins
10-10-2021-commanders	q5fual	post	commanders
10-10-2021-commanders	q5ftyu	post	saints
10-11-2021-ravens	q6d3e8	post	ravens
10-11-2021-ravens	q6d2nt	post	colts
10-14-2021-eagles	q8fkfi	post	eagles
10-14-2021-eagles	q8bd72	post	buccaneers
10-17-2021-ravens	qa6d57	post	ravens
10-17-2021-ravens	qa6cch	post	chargers
10-17-2021-panthers	qa7cjk	post	panthers
10-17-2021-bears	qa6i9w	post	bears
10-17-2021-bears	qa6igv	post	packers
10-17-2021-browns	qa9wbk	post	cardinals
10-17-2021-broncos	qaagyo	post	broncos
10-17-2021-broncos	qaahdb	post	raiders
10-17-2021-lions	qa6eyw	post	bengals
10-17-2021-colts	qa6erl	post	texans
10-17-2021-jaguars	qa2kan	post	jaguars
10-17-2021-jaguars	qa2l8s	post	dolphins
10-17-2021-patriots	qaarl1	post	patriots
10-17-2021-patriots	qaarh3	post	cowboys
10-17-2021-giants	qa6j0p	post	giants
10-17-2021-giants	qa6irr	post	rams
10-17-2021-steelers	qaexed	post	steelers
10-17-2021-steelers	qaex4h	post	seahawks
10-17-2021-commanders	qa6lah	post	commanders
10-17-2021-commanders	qa6ld8	post	chiefs
10-18-2021-titans	qb2uze	post	titans
10-21-2021-browns	qd84rf	post	browns
10-21-2021-browns	qd8506	post	broncos
10-24-2021-cardinals	qf3ush	post	cardinals
10-24-2021-cardinals	qf3uu6	post	texans
10-24-2021-ravens	qf08au	post	ravens
10-24-2021-ravens	qf08lb	post	bengals
10-24-2021-packers	qf02cl	post	packers
10-24-2021-packers	qf0504	post	commanders
10-24-2021-raiders	qf3jep	post	raiders
10-24-2021-raiders	qf3k14	post	eagles
10-24-2021-rams	qf3nor	post	rams
10-24-2021-dolphins	qf054d	post	dolphins
10-24-2021-dolphins	qf04qn	post	falcons
10-24-2021-patriots	qf11qs	post	patriots
10-24-2021-patriots	qf05n5	post	jets
10-24-2021-giants	qezyod	post	giants
10-24-2021-giants	qezy5s	post	panthers
10-24-2021-49ers	qf7z3q	post	49ers
10-24-2021-49ers	qf7w8p	post	colts
10-24-2021-buccaneers	qez9iu	post	buccaneers
10-24-2021-buccaneers	qf3qeu	post	bears
10-24-2021-titans	qezpxt	post	titans
10-24-2021-titans	qezwjp	post	chiefs
10-25-2021-seahawks	qfxhe3	post	seahawks
10-25-2021-seahawks	qfxgaa	post	saints
10-28-2021-cardinals	qi3s1y	post	cardinals
10-28-2021-cardinals	qi3s9x	post	packers
10-31-2021-falcons	qjxdpv	post	falcons
10-31-2021-falcons	qjxdbs	post	panthers
10-31-2021-bills	qjxquo	post	dolphins
10-31-2021-bears	qjxjri	post	bears
10-31-2021-bears	qjxkdn	post	49ers
10-31-2021-browns	qjxkmw	post	browns
10-31-2021-browns	qjxj5b	post	steelers
10-31-2021-broncos	qk19vx	post	broncos
10-31-2021-broncos	qk19kb	post	commanders
10-31-2021-lions	qjxax6	post	lions
10-31-2021-lions	qjxam6	post	eagles
10-31-2021-texans	qjxeu0	post	texans
10-31-2021-texans	qjxevz	post	rams
10-31-2021-colts	qjy5dt	post	colts
10-31-2021-colts	qjy5fd	post	titans
10-31-2021-chargers	qk152g	post	chargers
10-31-2021-chargers	qk14wq	post	patriots
10-31-2021-vikings	qk5kz2	post	cowboys
10-31-2021-saints	qk1hu0	post	saints
10-31-2021-saints	qjwub8	post	buccaneers
10-31-2021-jets	qjxuvb	post	jets
10-31-2021-jets	qjxuxs	post	bengals
10-31-2021-seahawks	qk0xig	post	seahawks
10-31-2021-seahawks	qk0k6j	post	jaguars
11-1-2021-chiefs	qkv8qq	post	chiefs
11-1-2021-chiefs	qkv8o5	post	giants
11-4-2021-colts	qn2cuc	post	colts
11-4-2021-colts	qn2dj0	post	jets
11-7-2021-ravens	qoye6c	post	ravens
11-7-2021-panthers	qoxttw	post	patriots
11-7-2021-bengals	qoxwt6	post	bengals
11-7-2021-bengals	qoxwc6	post	browns
11-7-2021-cowboys	qoxvaa	post	cowboys
11-7-2021-cowboys	qoxtig	post	broncos
11-7-2021-jaguars	qoxz5o	post	jaguars
11-7-2021-jaguars	qoxyr6	post	bills
11-7-2021-chiefs	qp1va3	post	chiefs
11-7-2021-chiefs	qp1vap	post	packers
11-7-2021-rams	qp60vf	post	rams
11-7-2021-rams	qp5xhw	post	titans
11-7-2021-dolphins	qoy3ri	post	dolphins
11-7-2021-dolphins	qoy2h5	post	texans
11-7-2021-saints	qoy00q	post	saints
11-7-2021-saints	qoxtko	post	falcons
11-7-2021-giants	qoxnl9	post	giants
11-7-2021-giants	qoxncx	post	raiders
11-7-2021-eagles	qp179i	post	eagles
11-7-2021-eagles	qp16ly	post	chargers
11-7-2021-49ers	qp1rdh	post	49ers
11-7-2021-49ers	qp1ruu	post	cardinals
11-8-2021-steelers	qpvvio	post	steelers
11-8-2021-steelers	qpvv9g	post	bears
11-11-2021-dolphins	qs3ntf	post	dolphins
11-11-2021-dolphins	qs3nm8	post	ravens
11-14-2021-cardinals	qu373c	post	cardinals
11-14-2021-cowboys	qtzdk9	post	cowboys
11-14-2021-cowboys	qtzb4k	post	falcons
11-14-2021-broncos	qu3kwh	post	broncos
11-14-2021-broncos	qu3l4v	post	eagles
11-14-2021-packers	qu3llk	post	packers
11-14-2021-packers	qu3m06	post	seahawks
11-14-2021-colts	qtzovv	post	colts
11-14-2021-colts	qtzqbt	post	jaguars
11-14-2021-raiders	qu7xsr	post	raiders
11-14-2021-raiders	qu7xqs	post	chiefs
11-14-2021-chargers	qu3hl5	post	chargers
11-14-2021-patriots	qtzdf8	post	patriots
11-14-2021-patriots	qtza9o	post	browns
11-14-2021-jets	qtztb4	post	jets
11-14-2021-steelers	qu08di	post	steelers
11-14-2021-steelers	qtzc25	post	lions
11-14-2021-titans	qtzfpw	post	titans
11-14-2021-titans	qtzgtf	post	saints
11-14-2021-commanders	qtzd45	post	commanders
11-14-2021-commanders	qtu711	post	buccaneers
11-15-2021-49ers	quz0es	post	49ers
11-15-2021-49ers	quz09n	post	rams
11-18-2021-falcons	qx7xwd	post	falcons
11-18-2021-falcons	qx7yyi	post	patriots
11-21-2021-bills	qz47os	post	colts
11-21-2021-panthers	qz4ic2	post	panthers
11-21-2021-panthers	qz4i8p	post	commanders
11-21-2021-bears	qz4lzu	post	bears
11-21-2021-bears	qz4m56	post	ravens
11-21-2021-browns	qz4dof	post	browns
11-21-2021-browns	qz4ery	post	lions
11-21-2021-jaguars	qz42gg	post	jaguars
11-21-2021-jaguars	qz41su	post	49ers
11-21-2021-chiefs	qz8itn	post	chiefs
11-21-2021-chiefs	qz8j9d	post	cowboys
11-21-2021-raiders	qz7x8v	post	raiders
11-21-2021-raiders	qz7wx9	post	bengals
11-21-2021-chargers	qzd4t9	post	chargers
11-21-2021-chargers	qzd4sd	post	steelers
11-21-2021-vikings	qz4ewz	post	packers
11-21-2021-jets	qz4h69	post	jets
11-21-2021-jets	qz4i5x	post	dolphins
11-21-2021-eagles	qz4o1j	post	eagles
11-21-2021-eagles	qz4mxw	post	saints
11-21-2021-seahawks	qz8myv	post	seahawks
11-21-2021-seahawks	qz8k24	post	cardinals
11-21-2021-titans	qz4i1d	post	titans
11-21-2021-titans	qz4hxa	post	texans
11-22-2021-buccaneers	r01aso	post	buccaneers
11-22-2021-buccaneers	r04i46	post	giants
11-25-2021-cowboys	r2bmc0	post	cowboys
11-25-2021-cowboys	r2bkju	post	raiders
11-25-2021-lions	r25xj3	post	lions
11-25-2021-lions	r25xjo	post	bears
11-25-2021-saints	r2eo7g	post	saints
11-25-2021-saints	r2elg3	post	bills
11-28-2021-ravens	r4nkfo	post	ravens
11-28-2021-ravens	r4njzq	post	browns
11-28-2021-bengals	r4eb05	post	bengals
11-28-2021-bengals	r4eax2	post	steelers
11-28-2021-broncos	r4ie2l	post	broncos
11-28-2021-broncos	r4ict5	post	chargers
11-28-2021-packers	r4j196	post	packers
11-28-2021-packers	r4j1wx	post	rams
11-28-2021-texans	r4e9jk	post	texans
11-28-2021-texans	r4e9g0	post	jets
11-28-2021-colts	r48xpu	post	buccaneers
11-28-2021-jaguars	r4e690	post	jaguars
11-28-2021-jaguars	r4e6ox	post	falcons
11-28-2021-dolphins	r4e8z1	post	dolphins
11-28-2021-dolphins	r4e6ej	post	panthers
11-28-2021-patriots	r4e3je	post	titans
11-28-2021-giants	r4e92p	post	giants
11-28-2021-giants	r4e95c	post	eagles
11-28-2021-49ers	r4iun7	post	49ers
11-29-2021-commanders	r5eni1	post	commanders
11-29-2021-commanders	r5enpi	post	seahawks
12-2-2021-saints	r7qij2	post	saints
12-2-2021-saints	r7qjy4	post	cowboys
12-5-2021-falcons	r9pfpj	post	falcons
12-5-2021-falcons	r9ph42	post	buccaneers
12-5-2021-bears	r9pe1s	post	bears
12-5-2021-bears	r9pfqs	post	cardinals
12-5-2021-bengals	r9pry8	post	bengals
12-5-2021-bengals	r9ps84	post	chargers
12-5-2021-texans	r9p84z	post	texans
12-5-2021-chiefs	r9ybgb	post	chiefs
12-5-2021-chiefs	r9yblt	post	broncos
12-5-2021-raiders	r9tcxa	post	raiders
12-5-2021-raiders	r9td6c	post	commanders
12-5-2021-rams	r9t6au	post	rams
12-5-2021-rams	r9t6z2	post	jaguars
12-5-2021-dolphins	r9pcev	post	dolphins
12-5-2021-dolphins	r9pci3	post	giants
12-5-2021-jets	r9pj20	post	jets
12-5-2021-jets	r9pj0o	post	eagles
12-5-2021-steelers	r9txwt	post	steelers
12-5-2021-steelers	r9txqa	post	ravens
12-5-2021-seahawks	r9tzsz	post	seahawks
12-5-2021-seahawks	r9tzux	post	49ers
12-6-2021-bills	rarak4	post	bills
12-6-2021-bills	raqcih	post	patriots
12-9-2021-vikings	rd0gi1	post	steelers
12-12-2021-panthers	rey4h3	post	falcons
12-12-2021-bengals	rf2v35	post	bengals
12-12-2021-bengals	rf2uuq	post	49ers
12-12-2021-browns	reyev2	post	browns
12-12-2021-browns	reyeuv	post	ravens
12-12-2021-broncos	rf1x7g	post	broncos
12-12-2021-packers	rf7d78	post	packers
12-12-2021-packers	rf79jl	post	bears
12-12-2021-texans	reykuf	post	texans
12-12-2021-texans	reyky6	post	seahawks
12-12-2021-chiefs	rey7wr	post	chiefs
12-12-2021-chiefs	rey7y9	post	raiders
12-12-2021-chargers	rf218z	post	chargers
12-12-2021-chargers	rf21cq	post	giants
12-12-2021-jets	reybgm	post	jets
12-12-2021-jets	rey9sm	post	saints
12-12-2021-buccaneers	rexjzq	post	buccaneers
12-12-2021-buccaneers	rf30x7	post	bills
12-12-2021-titans	rey45d	post	titans
12-12-2021-titans	rey4vs	post	jaguars
12-12-2021-commanders	reytyp	post	commanders
12-12-2021-commanders	reytnp	post	cowboys
12-13-2021-cardinals	rfyyrs	post	cardinals
12-13-2021-cardinals	rfyxqs	post	rams
12-16-2021-chargers	ri943e	post	chargers
12-16-2021-chargers	ri941x	post	chiefs
12-18-2021-colts	rjojc1	post	colts
12-18-2021-colts	rjol79	post	patriots
12-19-2021-ravens	rka3di	post	ravens
12-19-2021-ravens	rka4xr	post	packers
12-19-2021-bills	rk5yi2	post	bills
12-19-2021-bills	rk5wog	post	panthers
12-19-2021-broncos	rk9snc	post	broncos
12-19-2021-broncos	rk9rms	post	bengals
12-19-2021-lions	rk5t85	post	lions
12-19-2021-lions	rk5rg9	post	cardinals
12-19-2021-jaguars	rk5rk7	post	jaguars
12-19-2021-jaguars	rk5r0s	post	texans
12-19-2021-dolphins	rk5x3r	post	dolphins
12-19-2021-dolphins	rk5w83	post	jets
12-19-2021-giants	rk5s3o	post	giants
12-19-2021-giants	rk5t7m	post	cowboys
12-19-2021-steelers	rk5vk5	post	steelers
12-19-2021-steelers	rk5xbr	post	titans
12-19-2021-49ers	rk9dbt	post	49ers
12-19-2021-49ers	rk9da6	post	falcons
12-19-2021-buccaneers	rk9y1f	post	buccaneers
12-19-2021-buccaneers	rkeetl	post	saints
12-20-2021-bears	rl5xmm	post	bears
12-20-2021-browns	rl256r	post	browns
12-20-2021-browns	rl25n3	post	raiders
12-21-2021-rams	rlv9yw	post	rams
12-21-2021-rams	rlvc9j	post	seahawks
12-21-2021-eagles	rlviod	post	eagles
12-21-2021-eagles	rlvfwv	post	commanders
12-23-2021-titans	rndpa9	post	titans
12-23-2021-titans	rndq80	post	49ers
12-25-2021-cardinals	rop2n6	post	cardinals
12-25-2021-cardinals	rop2p3	post	colts
12-25-2021-packers	rol54i	post	packers
12-25-2021-packers	rol0dp	post	browns
12-26-2021-falcons	rp59k5	post	falcons
12-26-2021-falcons	rp5itq	post	lions
12-26-2021-panthers	rp5to9	post	panthers
12-26-2021-panthers	rp0zei	post	buccaneers
12-26-2021-bengals	rp5oyq	post	bengals
12-26-2021-bengals	rp5osr	post	ravens
12-26-2021-cowboys	rpen5u	post	cowboys
12-26-2021-cowboys	rpenja	post	commanders
12-26-2021-texans	rp5jex	post	texans
12-26-2021-texans	rp5j4e	post	chargers
12-26-2021-chiefs	rp9vkp	post	chiefs
12-26-2021-chiefs	rp9vsh	post	steelers
12-26-2021-raiders	rp9cgt	post	raiders
12-26-2021-raiders	rp9di4	post	broncos
12-26-2021-vikings	rp5nzu	post	rams
12-26-2021-patriots	rp5xh3	post	patriots
12-26-2021-patriots	rp5xmv	post	bills
12-26-2021-jets	rp5tro	post	jets
12-26-2021-jets	rp5tu5	post	jaguars
12-26-2021-eagles	rp60ci	post	eagles
12-26-2021-eagles	rp604j	post	giants
12-26-2021-seahawks	rp9kt1	post	seahawks
12-26-2021-seahawks	rp9k8k	post	bears
12-27-2021-saints	rq6g2w	post	saints
12-27-2021-saints	rq6gt5	post	dolphins
1-2-2022-ravens	ruj7c4	post	ravens
1-2-2022-ravens	ruj8ty	post	rams
1-2-2022-bills	rujald	post	bills
1-2-2022-bills	rujh13	post	falcons
1-2-2022-bears	ruj7m3	post	bears
1-2-2022-bears	ruj74h	post	giants
1-2-2022-bengals	rujj7p	post	bengals
1-2-2022-bengals	rujixr	post	chiefs
1-2-2022-cowboys	ruo3j3	post	cowboys
1-2-2022-cowboys	ruo1jd	post	cardinals
1-2-2022-packers	rusq1v	post	packers
1-2-2022-colts	ruj8fq	post	colts
1-2-2022-colts	ruj8ry	post	raiders
1-2-2022-chargers	run9fg	post	chargers
1-2-2022-chargers	runa0y	post	broncos
1-2-2022-patriots	ruj32h	post	patriots
1-2-2022-patriots	ruj20p	post	jaguars
1-2-2022-saints	runq13	post	saints
1-2-2022-saints	runrnb	post	panthers
1-2-2022-jets	rujdei	post	jets
1-2-2022-jets	rudz3u	post	buccaneers
1-2-2022-49ers	runfas	post	49ers
1-2-2022-49ers	runfii	post	texans
1-2-2022-seahawks	ruo8d4	post	seahawks
1-2-2022-titans	ruj9bg	post	titans
1-2-2022-titans	rujfy1	post	dolphins
1-2-2022-commanders	ruj2oh	post	commanders
1-2-2022-commanders	ruj3o5	post	eagles
1-3-2022-steelers	rvlqov	post	steelers
1-8-2022-broncos	rzem34	post	broncos
1-8-2022-broncos	rzemq9	post	chiefs
1-8-2022-eagles	rzj6ni	post	eagles
1-8-2022-eagles	rzj84v	post	cowboys
1-9-2022-cardinals	s069l5	post	cardinals
1-9-2022-cardinals	s06atm	post	seahawks
1-9-2022-falcons	s0616b	post	falcons
1-9-2022-falcons	s061mk	post	saints
1-9-2022-ravens	s0264e	post	ravens
1-9-2022-ravens	s0275f	post	steelers
1-9-2022-bills	s06djt	post	bills
1-9-2022-bills	s06ay8	post	jets
1-9-2022-browns	s01hca	post	browns
1-9-2022-browns	s01ic7	post	bengals
1-9-2022-lions	s01j4w	post	lions
1-9-2022-lions	s01mgn	post	packers
1-9-2022-texans	s01ikf	post	texans
1-9-2022-texans	s01hom	post	titans
1-9-2022-jaguars	s01j7m	post	colts
1-9-2022-raiders	s0bxzy	post	raiders
1-9-2022-raiders	s0by4q	post	chargers
1-9-2022-rams	s06bqd	post	rams
1-9-2022-rams	s06bu2	post	49ers
1-9-2022-dolphins	s0664e	post	dolphins
1-9-2022-dolphins	s065dl	post	patriots
1-9-2022-vikings	s01947	post	bears
1-9-2022-giants	s019n8	post	giants
1-9-2022-giants	s019iq	post	commanders
1-9-2022-buccaneers	rzw460	post	buccaneers
1-15-2022-bills	s535mr	post	patriots
1-15-2022-bengals	s4z7r8	post	bengals
1-15-2022-bengals	s4z7ul	post	raiders
1-16-2022-cowboys	s5qwqz	post	cowboys
1-16-2022-cowboys	s5qno8	post	49ers
1-16-2022-chiefs	s5up4k	post	chiefs
1-16-2022-chiefs	s5up61	post	steelers
1-16-2022-buccaneers	s5g6ya	post	buccaneers
1-16-2022-buccaneers	s5lt7o	post	eagles
1-17-2022-rams	s6oiqj	post	rams
1-17-2022-rams	s6ojat	post	cardinals
1-22-2022-packers	sakqsy	post	49ers
1-22-2022-titans	sagjpd	post	titans
1-22-2022-titans	sagk1g	post	bengals
1-23-2022-chiefs	sbbh4h	post	chiefs
1-23-2022-buccaneers	sb72qm	post	rams
1-30-2022-chiefs	sglupz	post	chiefs
1-30-2022-chiefs	sglv0p	post	bengals
1-30-2022-rams	sgq1xk	post	rams
1-30-2022-rams	sgq24w	post	49ers
2-13-2022-bengals	ss06vo	post	bengals
2-13-2022-bengals	ss06wx	post	rams
9-8-2022-rams	x9k7ap	post	rams
9-11-2022-cardinals	xbx2wk	post	cardinals
9-11-2022-cardinals	xbx7ek	post	chiefs
9-11-2022-falcons	xbsjat	post	falcons
9-11-2022-falcons	xbsikh	post	saints
9-11-2022-panthers	xbst42	post	panthers
9-11-2022-panthers	xbsjwf	post	browns
9-11-2022-bears	xbs6tl	post	bears
9-11-2022-bears	xbsbku	post	49ers
9-11-2022-bengals	xbtcjf	post	bengals
9-11-2022-bengals	xbtc8p	post	steelers
9-11-2022-cowboys	xc1z0t	post	cowboys
9-11-2022-cowboys	xbx13b	post	buccaneers
9-11-2022-lions	xbso0f	post	lions
9-11-2022-lions	xbsp93	post	eagles
9-11-2022-texans	xbt42p	post	texans
9-11-2022-texans	xbsys1	post	colts
9-11-2022-chargers	xbx1lj	post	chargers
9-11-2022-chargers	xbx1e3	post	raiders
9-11-2022-dolphins	xbs3zj	post	dolphins
9-11-2022-dolphins	xbrxta	post	patriots
9-11-2022-vikings	xbx2o1	post	packers
9-11-2022-jets	xbsgl8	post	jets
9-11-2022-jets	xbsbnb	post	ravens
9-11-2022-titans	xbx3ka	post	titans
9-11-2022-titans	xbx6jy	post	giants
9-11-2022-commanders	xbsrgm	post	commanders
9-11-2022-commanders	xbsq7s	post	jaguars
9-12-2022-seahawks	xcwfkv	post	seahawks
9-12-2022-seahawks	xcwd91	post	broncos
9-15-2022-chiefs	xfg2re	post	chiefs
9-15-2022-chiefs	xfg2q4	post	chargers
9-18-2022-ravens	xhr0xf	post	ravens
9-18-2022-ravens	xhr4sc	post	dolphins
9-18-2022-browns	xhqsro	post	browns
9-18-2022-browns	xhqu18	post	jets
9-18-2022-cowboys	xhvfgc	post	cowboys
9-18-2022-cowboys	xhvjwq	post	bengals
9-18-2022-broncos	xhvi0w	post	broncos
9-18-2022-broncos	xhvkyp	post	texans
9-18-2022-lions	xhqnj6	post	lions
9-18-2022-lions	xhqs69	post	commanders
9-18-2022-packers	xi07u9	post	packers
9-18-2022-packers	xi07cf	post	bears
9-18-2022-jaguars	xhpx2u	post	jaguars
9-18-2022-jaguars	xhq4yf	post	colts
9-18-2022-raiders	xhw71g	post	raiders
9-18-2022-raiders	xhw1pi	post	cardinals
9-18-2022-rams	xhv09f	post	rams
9-18-2022-rams	xhv03e	post	falcons
9-18-2022-saints	xhqu4y	post	saints
9-18-2022-saints	xhkjmh	post	buccaneers
9-18-2022-giants	xhqn8h	post	giants
9-18-2022-steelers	xhqk6m	post	steelers
9-18-2022-steelers	xhqhi0	post	patriots
9-18-2022-49ers	xhuuig	post	49ers
9-18-2022-49ers	xhur9c	post	seahawks
9-19-2022-bills	xiwhmm	post	titans
9-19-2022-eagles	xixobm	post	eagles
9-22-2022-browns	xlm6mf	post	browns
9-22-2022-browns	xlm9r4	post	steelers
9-25-2022-cardinals	xo2fee	post	cardinals
9-25-2022-cardinals	xo2iid	post	rams
9-25-2022-panthers	xnxkkd	post	panthers
9-25-2022-panthers	xnxn0m	post	saints
9-25-2022-bears	xnxevk	post	bears
9-25-2022-bears	xnxhir	post	texans
9-25-2022-broncos	xo7tg0	post	broncos
9-25-2022-broncos	xo7wcp	post	49ers
9-25-2022-colts	xnxjv1	post	colts
9-25-2022-colts	xnxowe	post	chiefs
9-25-2022-chargers	xo20hp	post	chargers
9-25-2022-chargers	xo1nif	post	jaguars
9-25-2022-dolphins	xnxwi0	post	dolphins
9-25-2022-vikings	xnxu6w	post	lions
9-25-2022-patriots	xnxkma	post	patriots
9-25-2022-patriots	xnxjuk	post	ravens
9-25-2022-jets	xnxxqr	post	jets
9-25-2022-jets	xnxxhg	post	bengals
9-25-2022-seahawks	xo2ay6	post	seahawks
9-25-2022-seahawks	xo2d1x	post	falcons
9-25-2022-buccaneers	xnwme3	post	buccaneers
9-25-2022-titans	xnxpau	post	titans
9-25-2022-titans	xnxrzy	post	raiders
9-25-2022-commanders	xnxutn	post	commanders
9-25-2022-commanders	xnxuyx	post	eagles
9-26-2022-giants	xp56vz	post	giants
9-26-2022-giants	xp54r9	post	cowboys
9-29-2022-bengals	xrqzzk	post	bengals
9-29-2022-bengals	xrr0dp	post	dolphins
10-2-2022-falcons	xty6bc	post	falcons
10-2-2022-falcons	xty0mr	post	browns
10-2-2022-ravens	xtycvr	post	ravens
10-2-2022-panthers	xu331x	post	panthers
10-2-2022-panthers	xu2tp1	post	cardinals
10-2-2022-cowboys	xtyiw0	post	cowboys
10-2-2022-cowboys	xtyldq	post	commanders
10-2-2022-lions	xtz033	post	seahawks
10-2-2022-packers	xu3m6x	post	packers
10-2-2022-packers	xu3lyo	post	patriots
10-2-2022-texans	xtyfb2	post	texans
10-2-2022-texans	xtyezo	post	chargers
10-2-2022-colts	xtxym0	post	colts
10-2-2022-colts	xtxz2x	post	titans
10-2-2022-raiders	xu3e6s	post	raiders
10-2-2022-raiders	xu3b7e	post	broncos
10-2-2022-saints	xttgp8	post	saints
10-2-2022-giants	xtyif0	post	giants
10-2-2022-giants	xtyamy	post	bears
10-2-2022-eagles	xtybth	post	eagles
10-2-2022-eagles	xty8hm	post	jaguars
10-2-2022-steelers	xtypha	post	steelers
10-2-2022-steelers	xtypno	post	jets
10-2-2022-buccaneers	xu349t	post	buccaneers
10-2-2022-buccaneers	xu8gdg	post	chiefs
10-3-2022-49ers	xv3o6e	post	49ers
10-3-2022-49ers	xv3ogk	post	rams
10-6-2022-broncos	xxos3x	post	broncos
10-9-2022-cardinals	xzzb78	post	cardinals
10-9-2022-cardinals	xzzf1f	post	eagles
10-9-2022-ravens	y043fn	post	ravens
10-9-2022-ravens	y0467p	post	bengals
10-9-2022-bills	xzv5fs	post	steelers
10-9-2022-panthers	xzz9c1	post	49ers
10-9-2022-browns	xzuv41	post	browns
10-9-2022-browns	xzuxur	post	chargers
10-9-2022-packers	xzpvgp	post	packers
10-9-2022-packers	xzpysm	post	giants
10-9-2022-jaguars	xzuvog	post	texans
10-9-2022-rams	xzzgge	post	rams
10-9-2022-rams	xzzej5	post	cowboys
10-9-2022-vikings	xzukny	post	bears
10-9-2022-patriots	xzupgi	post	patriots
10-9-2022-saints	xzvakg	post	saints
10-9-2022-saints	xzvb21	post	seahawks
10-9-2022-jets	xzv68y	post	jets
10-9-2022-jets	xzv5ti	post	dolphins
10-9-2022-buccaneers	xzp803	post	buccaneers
10-9-2022-buccaneers	xzv1ov	post	falcons
10-9-2022-commanders	xzv4nk	post	commanders
10-9-2022-commanders	xzuzi6	post	titans
10-10-2022-chiefs	y0yff6	post	chiefs
10-10-2022-chiefs	y0yfgu	post	raiders
10-13-2022-bears	y3ia2e	post	bears
10-13-2022-bears	y3idr8	post	commanders
10-16-2022-falcons	y5q9dm	post	falcons
10-16-2022-falcons	y5q9kw	post	49ers
10-16-2022-browns	y5qmot	post	browns
10-16-2022-browns	y5qy86	post	patriots
10-16-2022-packers	y5qmqb	post	packers
10-16-2022-packers	y5qk8y	post	jets
10-16-2022-colts	y5qfvw	post	colts
10-16-2022-colts	y5qi9u	post	jaguars
10-16-2022-chiefs	y5vghj	post	chiefs
10-16-2022-rams	y5uqim	post	rams
10-16-2022-dolphins	y5qm4q	post	dolphins
10-16-2022-saints	y5qdqs	post	bengals
10-16-2022-giants	y5qhlm	post	giants
10-16-2022-giants	y5qecj	post	ravens
10-16-2022-eagles	y608qe	post	eagles
10-16-2022-eagles	y605ty	post	cowboys
10-16-2022-steelers	y5qk5i	post	steelers
10-16-2022-steelers	y5ki6a	post	buccaneers
10-16-2022-seahawks	y5uxfu	post	seahawks
10-16-2022-seahawks	y5ux0w	post	cardinals
10-17-2022-chargers	y6vpx5	post	chargers
10-17-2022-chargers	y6vnr6	post	broncos
10-20-2022-cardinals	y9imgd	post	cardinals
10-20-2022-cardinals	y9imtz	post	saints
10-23-2022-ravens	ybrchs	post	ravens
10-23-2022-ravens	ybrd16	post	browns
10-23-2022-panthers	ybrnhd	post	panthers
10-23-2022-panthers	yblhgm	post	buccaneers
10-23-2022-bengals	ybramr	post	bengals
10-23-2022-bengals	ybragq	post	falcons
10-23-2022-cowboys	ybr59x	post	cowboys
10-23-2022-broncos	ybw14u	post	broncos
10-23-2022-broncos	ybw4pe	post	jets
10-23-2022-jaguars	ybs6b4	post	jaguars
10-23-2022-jaguars	ybs989	post	giants
10-23-2022-raiders	ybvj90	post	raiders
10-23-2022-raiders	ybvjgy	post	texans
10-23-2022-chargers	ybwl0h	post	chargers
10-23-2022-chargers	ybwizl	post	seahawks
10-23-2022-dolphins	yc0x7f	post	dolphins
10-23-2022-dolphins	yc0wzx	post	steelers
10-23-2022-49ers	ybway7	post	49ers
10-23-2022-49ers	ybwas4	post	chiefs
10-23-2022-titans	ybr8vi	post	titans
10-23-2022-titans	ybraa1	post	colts
10-23-2022-commanders	ybs406	post	commanders
10-23-2022-commanders	ybs025	post	packers
10-24-2022-patriots	ycufj7	post	patriots
10-24-2022-patriots	ycueu9	post	bears
10-27-2022-buccaneers	yf6vcr	post	buccaneers
10-27-2022-buccaneers	yfcgq8	post	ravens
10-30-2022-falcons	yhpevh	post	falcons
10-30-2022-bills	yhzgw5	post	bills
10-30-2022-bills	yhzgot	post	packers
10-30-2022-cowboys	yhol05	post	cowboys
10-30-2022-cowboys	yhoe9x	post	bears
10-30-2022-lions	yhocr7	post	lions
10-30-2022-lions	yho80g	post	dolphins
10-30-2022-texans	yht0fa	post	texans
10-30-2022-texans	yhsvlm	post	titans
10-30-2022-colts	yhtfl3	post	colts
10-30-2022-colts	yhtjn5	post	commanders
10-30-2022-jaguars	yhii7s	post	jaguars
10-30-2022-jaguars	yhjx3m	post	broncos
10-30-2022-rams	yhteei	post	rams
10-30-2022-rams	yhtec1	post	49ers
10-30-2022-vikings	yhp1h1	post	cardinals
10-30-2022-saints	yho18h	post	saints
10-30-2022-saints	yho2rm	post	raiders
10-30-2022-jets	yhoghz	post	jets
10-30-2022-jets	yhodsr	post	patriots
10-30-2022-eagles	yhoagk	post	eagles
10-30-2022-eagles	yhoa6t	post	steelers
10-30-2022-seahawks	yhtrvq	post	seahawks
10-30-2022-seahawks	yhtupa	post	giants
10-31-2022-browns	yix6ep	post	bengals
11-3-2022-texans	yln890	post	texans
11-3-2022-texans	yln8ix	post	eagles
11-6-2022-cardinals	yo786r	post	cardinals
11-6-2022-cardinals	yo789j	post	seahawks
11-6-2022-falcons	yo2n5v	post	falcons
11-6-2022-falcons	yo2nc5	post	chargers
11-6-2022-bears	yo2oex	post	bears
11-6-2022-bears	yo2syi	post	dolphins
11-6-2022-bengals	yo2ls3	post	bengals
11-6-2022-lions	yo2wrs	post	lions
11-6-2022-lions	yo2vps	post	packers
11-6-2022-jaguars	yo2u1z	post	jaguars
11-6-2022-jaguars	yo2yv0	post	raiders
11-6-2022-chiefs	yod5ag	post	chiefs
11-6-2022-chiefs	yod31w	post	titans
11-6-2022-patriots	yo2pka	post	patriots
11-6-2022-jets	yo2yxm	post	jets
11-6-2022-buccaneers	yo1qf3	post	buccaneers
11-6-2022-buccaneers	yo7rh2	post	rams
11-6-2022-commanders	yo30sh	post	commanders
11-7-2022-saints	ypaoly	post	saints
11-7-2022-saints	ypaoir	post	ravens
11-10-2022-panthers	ys0ys6	post	falcons
11-13-2022-bills	yuldyk	post	bills
11-13-2022-bears	yue12o	post	bears
11-13-2022-bears	yue73j	post	lions
11-13-2022-packers	yukdns	post	packers
11-13-2022-packers	yukdyd	post	cowboys
11-13-2022-chiefs	yue6kh	post	chiefs
11-13-2022-chiefs	yudwz5	post	jaguars
11-13-2022-raiders	yujemr	post	raiders
11-13-2022-rams	yujtsd	post	rams
11-13-2022-rams	yujqdw	post	cardinals
11-13-2022-dolphins	yue1k3	post	dolphins
11-13-2022-dolphins	yudeol	post	browns
11-13-2022-giants	yuem39	post	giants
11-13-2022-giants	yueltk	post	texans
11-13-2022-steelers	yudyls	post	steelers
11-13-2022-steelers	yudxxl	post	saints
11-13-2022-49ers	yuos5l	post	49ers
11-13-2022-49ers	yuosg3	post	chargers
11-13-2022-buccaneers	ytwtna	post	buccaneers
11-13-2022-buccaneers	yu7xto	post	seahawks
11-13-2022-titans	yuepp2	post	titans
11-13-2022-titans	yuf1xs	post	broncos
11-14-2022-eagles	yvmhym	post	eagles
11-14-2022-eagles	yvmhac	post	commanders
11-17-2022-packers	yyatjb	post	packers
11-17-2022-packers	yyarai	post	titans
11-20-2022-falcons	z0f7r5	post	falcons
11-20-2022-falcons	z0f33k	post	bears
11-20-2022-ravens	z0fi33	post	ravens
11-20-2022-bills	z0fke5	post	browns
11-20-2022-broncos	z0k0kp	post	broncos
11-20-2022-broncos	z0k3fv	post	raiders
11-20-2022-texans	z0f5br	post	texans
11-20-2022-texans	z0f5qc	post	commanders
11-20-2022-colts	z0f1yo	post	colts
11-20-2022-colts	z0f6ts	post	eagles
11-20-2022-chargers	z0pbsz	post	chargers
11-20-2022-chargers	z0pbjt	post	chiefs
11-20-2022-vikings	z0kaxn	post	cowboys
11-20-2022-patriots	z0fdjw	post	patriots
11-20-2022-patriots	z0fgmo	post	jets
11-20-2022-saints	z0f1l9	post	saints
11-20-2022-saints	z0f5dx	post	rams
11-20-2022-giants	z0fg81	post	giants
11-20-2022-giants	z0f9s3	post	lions
11-20-2022-steelers	z0kobn	post	steelers
11-20-2022-steelers	z0ko8v	post	bengals
11-21-2022-cardinals	z1k4kg	post	49ers
11-24-2022-cowboys	z3zldt	post	cowboys
11-24-2022-cowboys	z3zmm3	post	giants
11-24-2022-lions	z3uayy	post	lions
11-24-2022-lions	z3uf4d	post	bills
11-24-2022-vikings	z43r7b	post	patriots
11-27-2022-cardinals	z6hdvd	post	cardinals
11-27-2022-cardinals	z6he9e	post	chargers
11-27-2022-panthers	z6cyeu	post	broncos
11-27-2022-browns	z6d4qm	post	browns
11-27-2022-browns	z66fcf	post	buccaneers
11-27-2022-jaguars	z6djgw	post	jaguars
11-27-2022-jaguars	z6djrb	post	ravens
11-27-2022-chiefs	z6hksr	post	chiefs
11-27-2022-chiefs	z6hkw4	post	rams
11-27-2022-dolphins	z6cofr	post	texans
11-27-2022-jets	z6cbow	post	jets
11-27-2022-jets	z6c3iv	post	bears
11-27-2022-eagles	z6mvio	post	eagles
11-27-2022-eagles	z6mte7	post	packers
11-27-2022-49ers	z6hn5e	post	49ers
11-27-2022-49ers	z6hlvm	post	saints
11-27-2022-seahawks	z6hun1	post	seahawks
11-27-2022-seahawks	z6hvwx	post	raiders
11-27-2022-titans	z6cdg8	post	titans
11-27-2022-titans	z6cjyl	post	bengals
11-27-2022-commanders	z6c9zr	post	commanders
11-27-2022-commanders	z6c9p1	post	falcons
11-28-2022-colts	z7j2ja	post	colts
11-28-2022-colts	z7j4io	post	steelers
12-1-2022-patriots	zaay48	post	patriots
12-1-2022-patriots	zaaz1g	post	bills
12-4-2022-falcons	zclg4t	post	falcons
12-4-2022-falcons	zclg7w	post	steelers
12-4-2022-ravens	zclh83	post	ravens
12-4-2022-ravens	zclndi	post	broncos
12-4-2022-bears	zcldrq	post	bears
12-4-2022-bears	zclf8v	post	packers
12-4-2022-bengals	zcr1af	post	bengals
12-4-2022-bengals	zcr1dp	post	chiefs
12-4-2022-cowboys	zcwxeg	post	cowboys
12-4-2022-cowboys	zcww6r	post	colts
12-4-2022-lions	zclerl	post	lions
12-4-2022-lions	zcl7ar	post	jaguars
12-4-2022-texans	zclzpk	post	texans
12-4-2022-texans	zclwdw	post	browns
12-4-2022-raiders	zcrbb8	post	raiders
12-4-2022-raiders	zcrbfq	post	chargers
12-4-2022-rams	zcqoz5	post	rams
12-4-2022-rams	zcqm85	post	seahawks
12-4-2022-vikings	zcm5j9	post	jets
12-4-2022-giants	zcmd0t	post	giants
12-4-2022-giants	zcmd48	post	commanders
12-4-2022-eagles	zclx20	post	eagles
12-4-2022-eagles	zclw5g	post	titans
12-4-2022-49ers	zcqz76	post	49ers
12-5-2022-buccaneers	zdpcze	post	buccaneers
12-5-2022-buccaneers	zduxrc	post	saints
12-8-2022-rams	zgmoqj	post	rams
12-8-2022-rams	zgmoto	post	raiders
12-11-2022-bills	zj99xn	post	bills
12-11-2022-bills	zj97py	post	jets
12-11-2022-bengals	zj984l	post	bengals
12-11-2022-bengals	zj92fp	post	browns
12-11-2022-cowboys	zj95oi	post	cowboys
12-11-2022-cowboys	zj9887	post	texans
12-11-2022-broncos	zjg2i6	post	broncos
12-11-2022-broncos	zjg54w	post	chiefs
12-11-2022-lions	zj994q	post	lions
12-11-2022-chargers	zjn431	post	chargers
12-11-2022-giants	zj8wtp	post	giants
12-11-2022-giants	zj8xhf	post	eagles
12-11-2022-steelers	zj8cxh	post	steelers
12-11-2022-steelers	zj871n	post	ravens
12-11-2022-49ers	zjgm9z	post	49ers
12-11-2022-49ers	zj7dbj	post	buccaneers
12-11-2022-seahawks	zjgc86	post	seahawks
12-11-2022-seahawks	zjgaq9	post	panthers
12-11-2022-titans	zj9cyl	post	titans
12-11-2022-titans	zj9b3m	post	jaguars
12-12-2022-cardinals	zkma9n	post	cardinals
12-12-2022-cardinals	zkmbic	post	patriots
12-15-2022-seahawks	zn5si1	post	seahawks
12-15-2022-seahawks	zn5uei	post	49ers
12-18-2022-bills	zoq9dj	post	dolphins
12-18-2022-panthers	zp8i7m	post	panthers
12-18-2022-panthers	zp88ug	post	steelers
12-18-2022-bears	zp8ms3	post	bears
12-18-2022-bears	zp8oj6	post	eagles
12-18-2022-browns	zokxdl	post	browns
12-18-2022-browns	zokx54	post	ravens
12-18-2022-broncos	zpces6	post	broncos
12-18-2022-broncos	zpce2s	post	cardinals
12-18-2022-texans	zp8p45	post	texans
12-18-2022-texans	zp8ozy	post	chiefs
12-18-2022-jaguars	zp8oaz	post	jaguars
12-18-2022-jaguars	zp8rsp	post	cowboys
12-18-2022-raiders	zpd1u9	post	raiders
12-18-2022-raiders	zpcwgl	post	patriots
12-18-2022-chargers	zpd07k	post	chargers
12-18-2022-chargers	zpcvla	post	titans
12-18-2022-saints	zp84uf	post	saints
12-18-2022-saints	zp88a2	post	falcons
12-18-2022-jets	zp8itu	post	jets
12-18-2022-jets	zp8fhq	post	lions
12-18-2022-buccaneers	zp7kt4	post	buccaneers
12-18-2022-buccaneers	zpd3qk	post	bengals
12-18-2022-commanders	zphye3	post	commanders
12-18-2022-commanders	zphyfq	post	giants
12-19-2022-packers	zqdzyq	post	packers
12-19-2022-packers	zqe2gy	post	rams
12-22-2022-jets	zt62dn	post	jets
12-22-2022-jets	zt5z3y	post	jaguars
12-24-2022-ravens	zuine6	post	ravens
12-24-2022-ravens	zuiqs1	post	falcons
12-24-2022-panthers	zuixbs	post	panthers
12-24-2022-bears	zuio8i	post	bears
12-24-2022-bears	zuiv72	post	bills
12-24-2022-browns	zuihaz	post	browns
12-24-2022-browns	zuijsh	post	saints
12-24-2022-cowboys	zumomg	post	cowboys
12-24-2022-cowboys	zumq88	post	eagles
12-24-2022-chiefs	zuiqtq	post	chiefs
12-24-2022-chiefs	zuip9d	post	seahawks
12-24-2022-vikings	zuivds	post	giants
12-24-2022-patriots	zuj571	post	patriots
12-24-2022-patriots	zuj76x	post	bengals
12-24-2022-steelers	zuqbow	post	steelers
12-24-2022-steelers	zuqbxu	post	raiders
12-24-2022-49ers	zumh81	post	49ers
12-24-2022-49ers	zumh5p	post	commanders
12-24-2022-titans	zujkio	post	titans
12-24-2022-titans	zujmv4	post	texans
12-25-2022-cardinals	zvfebk	post	cardinals
12-25-2022-cardinals	zvam8y	post	buccaneers
12-25-2022-rams	zvau7l	post	rams
12-25-2022-rams	zvas2g	post	broncos
12-25-2022-dolphins	zv6pqm	post	dolphins
12-25-2022-dolphins	zv6m31	post	packers
12-26-2022-colts	zw60ay	post	colts
12-26-2022-colts	zw65nu	post	chargers
12-29-2022-titans	zyqtij	post	titans
12-29-2022-titans	zyqpgv	post	cowboys
1-1-2023-falcons	100tcef	post	falcons
1-1-2023-falcons	100t8zd	post	cardinals
1-1-2023-ravens	1012xx3	post	ravens
1-1-2023-ravens	10130t5	post	steelers
1-1-2023-lions	100t7fj	post	lions
1-1-2023-lions	100t5fq	post	bears
1-1-2023-packers	100xyoi	post	packers
1-1-2023-texans	100takv	post	texans
1-1-2023-texans	100sw1k	post	jaguars
1-1-2023-chiefs	100tjg8	post	chiefs
1-1-2023-chiefs	100tfvq	post	broncos
1-1-2023-raiders	100ybja	post	raiders
1-1-2023-raiders	100yboh	post	49ers
1-1-2023-chargers	100xq4h	post	chargers
1-1-2023-chargers	100xq6k	post	rams
1-1-2023-patriots	100tls6	post	patriots
1-1-2023-patriots	100tpx0	post	dolphins
1-1-2023-giants	100t16x	post	giants
1-1-2023-giants	100sroj	post	colts
1-1-2023-eagles	100t9dq	post	eagles
1-1-2023-seahawks	100xswl	post	seahawks
1-1-2023-seahawks	100xvsy	post	jets
1-1-2023-buccaneers	100nwwf	post	buccaneers
1-1-2023-buccaneers	100u19q	post	panthers
1-1-2023-commanders	100t6sw	post	commanders
1-1-2023-commanders	100t3x2	post	browns
1-8-2023-falcons	106u22q	post	falcons
1-8-2023-falcons	106o7k1	post	buccaneers
1-8-2023-bills	106uu1f	post	bills
1-8-2023-bills	106ueos	post	patriots
1-8-2023-bears	106u2fl	post	bears
1-8-2023-bengals	106uuqv	post	bengals
1-8-2023-bengals	106urgf	post	ravens
1-8-2023-broncos	106zfuq	post	broncos
1-8-2023-broncos	106zhlw	post	chargers
1-8-2023-packers	1074h1k	post	packers
1-8-2023-packers	1074gzw	post	lions
1-8-2023-colts	106uipz	post	texans
1-8-2023-jaguars	1069adt	post	jaguars
1-8-2023-jaguars	10699li	post	titans
1-8-2023-raiders	1064gfe	post	raiders
1-8-2023-raiders	1064gkm	post	chiefs
1-8-2023-dolphins	106umyp	post	dolphins
1-8-2023-dolphins	106umcs	post	jets
1-8-2023-saints	106tw3y	post	panthers
1-8-2023-eagles	106zaxk	post	eagles
1-8-2023-eagles	106zank	post	giants
1-8-2023-steelers	106udlf	post	steelers
1-8-2023-49ers	106z6ut	post	49ers
1-8-2023-49ers	106z51v	post	cardinals
1-8-2023-seahawks	106zgcf	post	seahawks
1-8-2023-seahawks	106zik4	post	rams
1-8-2023-commanders	106zg9r	post	commanders
1-8-2023-commanders	106zeom	post	cowboys
1-14-2023-49ers	10c5or8	post	49ers
1-14-2023-49ers	10c5mfs	post	seahawks
1-14-2023-jaguars	10cahjv	post	jaguars
1-14-2023-jaguars	10cak3g	post	chargers
1-15-2023-bills	10cw9po	post	bills
1-15-2023-bills	10cw9rt	post	dolphins
1-15-2023-vikings	10d0gy0	post	giants
1-16-2023-bengals	10d4van	post	bengals
1-16-2023-bengals	10d4slu	post	ravens
1-16-2023-buccaneers	10dx2f9	post	buccaneers
1-16-2023-buccaneers	10e2sid	post	cowboys
1-21-2023-chiefs	10i6fmm	post	chiefs
1-21-2023-chiefs	10i6cck	post	jaguars
1-21-2023-eagles	10ianna	post	eagles
1-21-2023-eagles	10ianbh	post	giants
1-22-2023-bills	10ix6nq	post	bills
1-22-2023-bills	10ix68t	post	bengals
1-22-2023-49ers	10j1th0	post	49ers
1-22-2023-49ers	10j1r18	post	cowboys
1-29-2023-eagles	10olrd8	post	eagles
1-29-2023-eagles	10olr5g	post	49ers
1-29-2023-chiefs	10or16z	post	chiefs
1-29-2023-chiefs	10or15q	post	bengals
2-12-2023-eagles	110y0mo	post	eagles
2-12-2023-eagles	110y0b8	post	chiefs
